title,text,href
sklearn.base,sklearn.base,#module-sklearn.base
sklearn.base.BaseEstimator,base.BaseEstimator,generated/sklearn.base.BaseEstimator.html#sklearn.base.BaseEstimator
sklearn.base.BiclusterMixin,base.BiclusterMixin,generated/sklearn.base.BiclusterMixin.html#sklearn.base.BiclusterMixin
sklearn.base.ClassifierMixin,base.ClassifierMixin,generated/sklearn.base.ClassifierMixin.html#sklearn.base.ClassifierMixin
sklearn.base.ClusterMixin,base.ClusterMixin,generated/sklearn.base.ClusterMixin.html#sklearn.base.ClusterMixin
sklearn.base.DensityMixin,base.DensityMixin,generated/sklearn.base.DensityMixin.html#sklearn.base.DensityMixin
sklearn.base.RegressorMixin,base.RegressorMixin,generated/sklearn.base.RegressorMixin.html#sklearn.base.RegressorMixin
sklearn.base.TransformerMixin,base.TransformerMixin,generated/sklearn.base.TransformerMixin.html#sklearn.base.TransformerMixin
sklearn.feature_selection.SelectorMixin,feature_selection.SelectorMixin,generated/sklearn.feature_selection.SelectorMixin.html#sklearn.feature_selection.SelectorMixin
sklearn.base.clone,base.clone,generated/sklearn.base.clone.html#sklearn.base.clone
sklearn.base.is_classifier,base.is_classifier,generated/sklearn.base.is_classifier.html#sklearn.base.is_classifier
sklearn.base.is_regressor,base.is_regressor,generated/sklearn.base.is_regressor.html#sklearn.base.is_regressor
sklearn.config_context,config_context,generated/sklearn.config_context.html#sklearn.config_context
sklearn.get_config,get_config,generated/sklearn.get_config.html#sklearn.get_config
sklearn.set_config,set_config,generated/sklearn.set_config.html#sklearn.set_config
sklearn.set_config,set_config,generated/sklearn.set_config.html#sklearn.set_config
sklearn.show_versions,show_versions,generated/sklearn.show_versions.html#sklearn.show_versions
sklearn.calibration,sklearn.calibration,#module-sklearn.calibration
sklearn.calibration.CalibratedClassifierCV,calibration.CalibratedClassifierCV,generated/sklearn.calibration.CalibratedClassifierCV.html#sklearn.calibration.CalibratedClassifierCV
sklearn.calibration.calibration_curve,calibration.calibration_curve,generated/sklearn.calibration.calibration_curve.html#sklearn.calibration.calibration_curve
sklearn.cluster,sklearn.cluster,#module-sklearn.cluster
sklearn.cluster,sklearn.cluster,#module-sklearn.cluster
sklearn.cluster.AffinityPropagation,cluster.AffinityPropagation,generated/sklearn.cluster.AffinityPropagation.html#sklearn.cluster.AffinityPropagation
sklearn.cluster.AgglomerativeClustering,cluster.AgglomerativeClustering,generated/sklearn.cluster.AgglomerativeClustering.html#sklearn.cluster.AgglomerativeClustering
sklearn.cluster.Birch,cluster.Birch,generated/sklearn.cluster.Birch.html#sklearn.cluster.Birch
sklearn.cluster.DBSCAN,cluster.DBSCAN,generated/sklearn.cluster.DBSCAN.html#sklearn.cluster.DBSCAN
sklearn.cluster.FeatureAgglomeration,cluster.FeatureAgglomeration,generated/sklearn.cluster.FeatureAgglomeration.html#sklearn.cluster.FeatureAgglomeration
sklearn.cluster.KMeans,cluster.KMeans,generated/sklearn.cluster.KMeans.html#sklearn.cluster.KMeans
sklearn.cluster.MiniBatchKMeans,cluster.MiniBatchKMeans,generated/sklearn.cluster.MiniBatchKMeans.html#sklearn.cluster.MiniBatchKMeans
sklearn.cluster.MeanShift,cluster.MeanShift,generated/sklearn.cluster.MeanShift.html#sklearn.cluster.MeanShift
sklearn.cluster.OPTICS,cluster.OPTICS,generated/sklearn.cluster.OPTICS.html#sklearn.cluster.OPTICS
sklearn.cluster.SpectralClustering,cluster.SpectralClustering,generated/sklearn.cluster.SpectralClustering.html#sklearn.cluster.SpectralClustering
sklearn.cluster.SpectralBiclustering,cluster.SpectralBiclustering,generated/sklearn.cluster.SpectralBiclustering.html#sklearn.cluster.SpectralBiclustering
sklearn.cluster.SpectralCoclustering,cluster.SpectralCoclustering,generated/sklearn.cluster.SpectralCoclustering.html#sklearn.cluster.SpectralCoclustering
sklearn.cluster.affinity_propagation,cluster.affinity_propagation,generated/sklearn.cluster.affinity_propagation.html#sklearn.cluster.affinity_propagation
sklearn.cluster.cluster_optics_dbscan,cluster.cluster_optics_dbscan,generated/sklearn.cluster.cluster_optics_dbscan.html#sklearn.cluster.cluster_optics_dbscan
sklearn.cluster.cluster_optics_xi,cluster.cluster_optics_xi,generated/sklearn.cluster.cluster_optics_xi.html#sklearn.cluster.cluster_optics_xi
sklearn.cluster.compute_optics_graph,cluster.compute_optics_graph,generated/sklearn.cluster.compute_optics_graph.html#sklearn.cluster.compute_optics_graph
sklearn.cluster.dbscan,cluster.dbscan,generated/dbscan-function.html#sklearn.cluster.dbscan
sklearn.cluster.estimate_bandwidth,cluster.estimate_bandwidth,generated/sklearn.cluster.estimate_bandwidth.html#sklearn.cluster.estimate_bandwidth
sklearn.cluster.k_means,cluster.k_means,generated/sklearn.cluster.k_means.html#sklearn.cluster.k_means
sklearn.cluster.kmeans_plusplus,cluster.kmeans_plusplus,generated/sklearn.cluster.kmeans_plusplus.html#sklearn.cluster.kmeans_plusplus
sklearn.cluster.mean_shift,cluster.mean_shift,generated/sklearn.cluster.mean_shift.html#sklearn.cluster.mean_shift
sklearn.cluster.spectral_clustering,cluster.spectral_clustering,generated/sklearn.cluster.spectral_clustering.html#sklearn.cluster.spectral_clustering
sklearn.cluster.ward_tree,cluster.ward_tree,generated/sklearn.cluster.ward_tree.html#sklearn.cluster.ward_tree
sklearn.compose,sklearn.compose,#module-sklearn.compose
sklearn.compose.ColumnTransformer,compose.ColumnTransformer,generated/sklearn.compose.ColumnTransformer.html#sklearn.compose.ColumnTransformer
sklearn.compose.TransformedTargetRegressor,compose.TransformedTargetRegressor,generated/sklearn.compose.TransformedTargetRegressor.html#sklearn.compose.TransformedTargetRegressor
sklearn.compose.make_column_transformer,compose.make_column_transformer,generated/sklearn.compose.make_column_transformer.html#sklearn.compose.make_column_transformer
sklearn.compose.make_column_selector,compose.make_column_selector,generated/sklearn.compose.make_column_selector.html#sklearn.compose.make_column_selector
sklearn.covariance,sklearn.covariance,#module-sklearn.covariance
sklearn.covariance,sklearn.covariance,#module-sklearn.covariance
sklearn.covariance.EmpiricalCovariance,covariance.EmpiricalCovariance,generated/sklearn.covariance.EmpiricalCovariance.html#sklearn.covariance.EmpiricalCovariance
sklearn.covariance.EllipticEnvelope,covariance.EllipticEnvelope,generated/sklearn.covariance.EllipticEnvelope.html#sklearn.covariance.EllipticEnvelope
sklearn.covariance.GraphicalLasso,covariance.GraphicalLasso,generated/sklearn.covariance.GraphicalLasso.html#sklearn.covariance.GraphicalLasso
sklearn.covariance.GraphicalLassoCV,covariance.GraphicalLassoCV,generated/sklearn.covariance.GraphicalLassoCV.html#sklearn.covariance.GraphicalLassoCV
sklearn.covariance.LedoitWolf,covariance.LedoitWolf,generated/sklearn.covariance.LedoitWolf.html#sklearn.covariance.LedoitWolf
sklearn.covariance.MinCovDet,covariance.MinCovDet,generated/sklearn.covariance.MinCovDet.html#sklearn.covariance.MinCovDet
sklearn.covariance.OAS,covariance.OAS,generated/sklearn.covariance.OAS.html#sklearn.covariance.OAS
sklearn.covariance.ShrunkCovariance,covariance.ShrunkCovariance,generated/sklearn.covariance.ShrunkCovariance.html#sklearn.covariance.ShrunkCovariance
sklearn.covariance.empirical_covariance,covariance.empirical_covariance,generated/sklearn.covariance.empirical_covariance.html#sklearn.covariance.empirical_covariance
sklearn.covariance.graphical_lasso,covariance.graphical_lasso,generated/sklearn.covariance.graphical_lasso.html#sklearn.covariance.graphical_lasso
sklearn.covariance.ledoit_wolf,covariance.ledoit_wolf,generated/sklearn.covariance.ledoit_wolf.html#sklearn.covariance.ledoit_wolf
sklearn.covariance.oas,covariance.oas,generated/oas-function.html#sklearn.covariance.oas
sklearn.covariance.shrunk_covariance,covariance.shrunk_covariance,generated/sklearn.covariance.shrunk_covariance.html#sklearn.covariance.shrunk_covariance
sklearn.cross_decomposition,sklearn.cross_decomposition,#module-sklearn.cross_decomposition
sklearn.cross_decomposition.CCA,cross_decomposition.CCA,generated/sklearn.cross_decomposition.CCA.html#sklearn.cross_decomposition.CCA
sklearn.cross_decomposition.PLSCanonical,cross_decomposition.PLSCanonical,generated/sklearn.cross_decomposition.PLSCanonical.html#sklearn.cross_decomposition.PLSCanonical
sklearn.cross_decomposition.PLSRegression,cross_decomposition.PLSRegression,generated/sklearn.cross_decomposition.PLSRegression.html#sklearn.cross_decomposition.PLSRegression
sklearn.cross_decomposition.PLSSVD,cross_decomposition.PLSSVD,generated/sklearn.cross_decomposition.PLSSVD.html#sklearn.cross_decomposition.PLSSVD
sklearn.datasets,sklearn.datasets,#module-sklearn.datasets
sklearn.datasets,sklearn.datasets,#module-sklearn.datasets
sklearn.datasets.clear_data_home,datasets.clear_data_home,generated/sklearn.datasets.clear_data_home.html#sklearn.datasets.clear_data_home
sklearn.datasets.dump_svmlight_file,datasets.dump_svmlight_file,generated/sklearn.datasets.dump_svmlight_file.html#sklearn.datasets.dump_svmlight_file
sklearn.datasets.fetch_20newsgroups,datasets.fetch_20newsgroups,generated/sklearn.datasets.fetch_20newsgroups.html#sklearn.datasets.fetch_20newsgroups
sklearn.datasets.fetch_20newsgroups_vectorized,datasets.fetch_20newsgroups_vectorized,generated/sklearn.datasets.fetch_20newsgroups_vectorized.html#sklearn.datasets.fetch_20newsgroups_vectorized
sklearn.datasets.fetch_california_housing,datasets.fetch_california_housing,generated/sklearn.datasets.fetch_california_housing.html#sklearn.datasets.fetch_california_housing
sklearn.datasets.fetch_covtype,datasets.fetch_covtype,generated/sklearn.datasets.fetch_covtype.html#sklearn.datasets.fetch_covtype
sklearn.datasets.fetch_kddcup99,datasets.fetch_kddcup99,generated/sklearn.datasets.fetch_kddcup99.html#sklearn.datasets.fetch_kddcup99
sklearn.datasets.fetch_lfw_pairs,datasets.fetch_lfw_pairs,generated/sklearn.datasets.fetch_lfw_pairs.html#sklearn.datasets.fetch_lfw_pairs
sklearn.datasets.fetch_lfw_people,datasets.fetch_lfw_people,generated/sklearn.datasets.fetch_lfw_people.html#sklearn.datasets.fetch_lfw_people
sklearn.datasets.fetch_olivetti_faces,datasets.fetch_olivetti_faces,generated/sklearn.datasets.fetch_olivetti_faces.html#sklearn.datasets.fetch_olivetti_faces
sklearn.datasets.fetch_openml,datasets.fetch_openml,generated/sklearn.datasets.fetch_openml.html#sklearn.datasets.fetch_openml
sklearn.datasets.fetch_rcv1,datasets.fetch_rcv1,generated/sklearn.datasets.fetch_rcv1.html#sklearn.datasets.fetch_rcv1
sklearn.datasets.fetch_species_distributions,datasets.fetch_species_distributions,generated/sklearn.datasets.fetch_species_distributions.html#sklearn.datasets.fetch_species_distributions
sklearn.datasets.get_data_home,datasets.get_data_home,generated/sklearn.datasets.get_data_home.html#sklearn.datasets.get_data_home
sklearn.datasets.load_boston,datasets.load_boston,generated/sklearn.datasets.load_boston.html#sklearn.datasets.load_boston
sklearn.datasets.load_breast_cancer,datasets.load_breast_cancer,generated/sklearn.datasets.load_breast_cancer.html#sklearn.datasets.load_breast_cancer
sklearn.datasets.load_diabetes,datasets.load_diabetes,generated/sklearn.datasets.load_diabetes.html#sklearn.datasets.load_diabetes
sklearn.datasets.load_digits,datasets.load_digits,generated/sklearn.datasets.load_digits.html#sklearn.datasets.load_digits
sklearn.datasets.load_files,datasets.load_files,generated/sklearn.datasets.load_files.html#sklearn.datasets.load_files
sklearn.datasets.load_iris,datasets.load_iris,generated/sklearn.datasets.load_iris.html#sklearn.datasets.load_iris
sklearn.datasets.load_linnerud,datasets.load_linnerud,generated/sklearn.datasets.load_linnerud.html#sklearn.datasets.load_linnerud
sklearn.datasets.load_sample_image,datasets.load_sample_image,generated/sklearn.datasets.load_sample_image.html#sklearn.datasets.load_sample_image
sklearn.datasets.load_sample_images,datasets.load_sample_images,generated/sklearn.datasets.load_sample_images.html#sklearn.datasets.load_sample_images
sklearn.datasets.load_svmlight_file,datasets.load_svmlight_file,generated/sklearn.datasets.load_svmlight_file.html#sklearn.datasets.load_svmlight_file
sklearn.datasets.load_svmlight_files,datasets.load_svmlight_files,generated/sklearn.datasets.load_svmlight_files.html#sklearn.datasets.load_svmlight_files
sklearn.datasets.load_wine,datasets.load_wine,generated/sklearn.datasets.load_wine.html#sklearn.datasets.load_wine
sklearn.datasets.make_biclusters,datasets.make_biclusters,generated/sklearn.datasets.make_biclusters.html#sklearn.datasets.make_biclusters
sklearn.datasets.make_blobs,datasets.make_blobs,generated/sklearn.datasets.make_blobs.html#sklearn.datasets.make_blobs
sklearn.datasets.make_checkerboard,datasets.make_checkerboard,generated/sklearn.datasets.make_checkerboard.html#sklearn.datasets.make_checkerboard
sklearn.datasets.make_circles,datasets.make_circles,generated/sklearn.datasets.make_circles.html#sklearn.datasets.make_circles
sklearn.datasets.make_classification,datasets.make_classification,generated/sklearn.datasets.make_classification.html#sklearn.datasets.make_classification
sklearn.datasets.make_friedman1,datasets.make_friedman1,generated/sklearn.datasets.make_friedman1.html#sklearn.datasets.make_friedman1
sklearn.datasets.make_friedman2,datasets.make_friedman2,generated/sklearn.datasets.make_friedman2.html#sklearn.datasets.make_friedman2
sklearn.datasets.make_friedman3,datasets.make_friedman3,generated/sklearn.datasets.make_friedman3.html#sklearn.datasets.make_friedman3
sklearn.datasets.make_gaussian_quantiles,datasets.make_gaussian_quantiles,generated/sklearn.datasets.make_gaussian_quantiles.html#sklearn.datasets.make_gaussian_quantiles
sklearn.datasets.make_hastie_10_2,datasets.make_hastie_10_2,generated/sklearn.datasets.make_hastie_10_2.html#sklearn.datasets.make_hastie_10_2
sklearn.datasets.make_low_rank_matrix,datasets.make_low_rank_matrix,generated/sklearn.datasets.make_low_rank_matrix.html#sklearn.datasets.make_low_rank_matrix
sklearn.datasets.make_moons,datasets.make_moons,generated/sklearn.datasets.make_moons.html#sklearn.datasets.make_moons
sklearn.datasets.make_multilabel_classification,datasets.make_multilabel_classification,generated/sklearn.datasets.make_multilabel_classification.html#sklearn.datasets.make_multilabel_classification
sklearn.datasets.make_regression,datasets.make_regression,generated/sklearn.datasets.make_regression.html#sklearn.datasets.make_regression
sklearn.datasets.make_s_curve,datasets.make_s_curve,generated/sklearn.datasets.make_s_curve.html#sklearn.datasets.make_s_curve
sklearn.datasets.make_sparse_coded_signal,datasets.make_sparse_coded_signal,generated/sklearn.datasets.make_sparse_coded_signal.html#sklearn.datasets.make_sparse_coded_signal
sklearn.datasets.make_sparse_spd_matrix,datasets.make_sparse_spd_matrix,generated/sklearn.datasets.make_sparse_spd_matrix.html#sklearn.datasets.make_sparse_spd_matrix
sklearn.datasets.make_sparse_uncorrelated,datasets.make_sparse_uncorrelated,generated/sklearn.datasets.make_sparse_uncorrelated.html#sklearn.datasets.make_sparse_uncorrelated
sklearn.datasets.make_spd_matrix,datasets.make_spd_matrix,generated/sklearn.datasets.make_spd_matrix.html#sklearn.datasets.make_spd_matrix
sklearn.datasets.make_swiss_roll,datasets.make_swiss_roll,generated/sklearn.datasets.make_swiss_roll.html#sklearn.datasets.make_swiss_roll
sklearn.decomposition,sklearn.decomposition,#module-sklearn.decomposition
sklearn.decomposition,sklearn.decomposition,#module-sklearn.decomposition
sklearn.decomposition.DictionaryLearning,decomposition.DictionaryLearning,generated/sklearn.decomposition.DictionaryLearning.html#sklearn.decomposition.DictionaryLearning
sklearn.decomposition.FactorAnalysis,decomposition.FactorAnalysis,generated/sklearn.decomposition.FactorAnalysis.html#sklearn.decomposition.FactorAnalysis
sklearn.decomposition.FastICA,decomposition.FastICA,generated/sklearn.decomposition.FastICA.html#sklearn.decomposition.FastICA
sklearn.decomposition.IncrementalPCA,decomposition.IncrementalPCA,generated/sklearn.decomposition.IncrementalPCA.html#sklearn.decomposition.IncrementalPCA
sklearn.decomposition.KernelPCA,decomposition.KernelPCA,generated/sklearn.decomposition.KernelPCA.html#sklearn.decomposition.KernelPCA
sklearn.decomposition.LatentDirichletAllocation,decomposition.LatentDirichletAllocation,generated/sklearn.decomposition.LatentDirichletAllocation.html#sklearn.decomposition.LatentDirichletAllocation
sklearn.decomposition.MiniBatchDictionaryLearning,decomposition.MiniBatchDictionaryLearning,generated/sklearn.decomposition.MiniBatchDictionaryLearning.html#sklearn.decomposition.MiniBatchDictionaryLearning
sklearn.decomposition.MiniBatchSparsePCA,decomposition.MiniBatchSparsePCA,generated/sklearn.decomposition.MiniBatchSparsePCA.html#sklearn.decomposition.MiniBatchSparsePCA
sklearn.decomposition.NMF,decomposition.NMF,generated/sklearn.decomposition.NMF.html#sklearn.decomposition.NMF
sklearn.decomposition.PCA,decomposition.PCA,generated/sklearn.decomposition.PCA.html#sklearn.decomposition.PCA
sklearn.decomposition.SparsePCA,decomposition.SparsePCA,generated/sklearn.decomposition.SparsePCA.html#sklearn.decomposition.SparsePCA
sklearn.decomposition.SparseCoder,decomposition.SparseCoder,generated/sklearn.decomposition.SparseCoder.html#sklearn.decomposition.SparseCoder
sklearn.decomposition.TruncatedSVD,decomposition.TruncatedSVD,generated/sklearn.decomposition.TruncatedSVD.html#sklearn.decomposition.TruncatedSVD
sklearn.decomposition.dict_learning,decomposition.dict_learning,generated/sklearn.decomposition.dict_learning.html#sklearn.decomposition.dict_learning
sklearn.decomposition.dict_learning_online,decomposition.dict_learning_online,generated/sklearn.decomposition.dict_learning_online.html#sklearn.decomposition.dict_learning_online
sklearn.decomposition.fastica,decomposition.fastica,generated/fastica-function.html#sklearn.decomposition.fastica
sklearn.decomposition.non_negative_factorization,decomposition.non_negative_factorization,generated/sklearn.decomposition.non_negative_factorization.html#sklearn.decomposition.non_negative_factorization
sklearn.decomposition.sparse_encode,decomposition.sparse_encode,generated/sklearn.decomposition.sparse_encode.html#sklearn.decomposition.sparse_encode
sklearn.discriminant_analysis,sklearn.discriminant_analysis,#module-sklearn.discriminant_analysis
sklearn.discriminant_analysis.LinearDiscriminantAnalysis,discriminant_analysis.LinearDiscriminantAnalysis,generated/sklearn.discriminant_analysis.LinearDiscriminantAnalysis.html#sklearn.discriminant_analysis.LinearDiscriminantAnalysis
sklearn.discriminant_analysis.QuadraticDiscriminantAnalysis,discriminant_analysis.QuadraticDiscriminantAnalysis,generated/sklearn.discriminant_analysis.QuadraticDiscriminantAnalysis.html#sklearn.discriminant_analysis.QuadraticDiscriminantAnalysis
sklearn.dummy,sklearn.dummy,#module-sklearn.dummy
sklearn.dummy.DummyClassifier,dummy.DummyClassifier,generated/sklearn.dummy.DummyClassifier.html#sklearn.dummy.DummyClassifier
sklearn.dummy.DummyRegressor,dummy.DummyRegressor,generated/sklearn.dummy.DummyRegressor.html#sklearn.dummy.DummyRegressor
sklearn.ensemble,sklearn.ensemble,#module-sklearn.ensemble
sklearn.ensemble,sklearn.ensemble,#module-sklearn.ensemble
sklearn.ensemble.AdaBoostClassifier,ensemble.AdaBoostClassifier,generated/sklearn.ensemble.AdaBoostClassifier.html#sklearn.ensemble.AdaBoostClassifier
sklearn.ensemble.AdaBoostRegressor,ensemble.AdaBoostRegressor,generated/sklearn.ensemble.AdaBoostRegressor.html#sklearn.ensemble.AdaBoostRegressor
sklearn.ensemble.BaggingClassifier,ensemble.BaggingClassifier,generated/sklearn.ensemble.BaggingClassifier.html#sklearn.ensemble.BaggingClassifier
sklearn.ensemble.BaggingRegressor,ensemble.BaggingRegressor,generated/sklearn.ensemble.BaggingRegressor.html#sklearn.ensemble.BaggingRegressor
sklearn.ensemble.ExtraTreesClassifier,ensemble.ExtraTreesClassifier,generated/sklearn.ensemble.ExtraTreesClassifier.html#sklearn.ensemble.ExtraTreesClassifier
sklearn.ensemble.ExtraTreesRegressor,ensemble.ExtraTreesRegressor,generated/sklearn.ensemble.ExtraTreesRegressor.html#sklearn.ensemble.ExtraTreesRegressor
sklearn.ensemble.GradientBoostingClassifier,ensemble.GradientBoostingClassifier,generated/sklearn.ensemble.GradientBoostingClassifier.html#sklearn.ensemble.GradientBoostingClassifier
sklearn.ensemble.GradientBoostingRegressor,ensemble.GradientBoostingRegressor,generated/sklearn.ensemble.GradientBoostingRegressor.html#sklearn.ensemble.GradientBoostingRegressor
sklearn.ensemble.IsolationForest,ensemble.IsolationForest,generated/sklearn.ensemble.IsolationForest.html#sklearn.ensemble.IsolationForest
sklearn.ensemble.RandomForestClassifier,ensemble.RandomForestClassifier,generated/sklearn.ensemble.RandomForestClassifier.html#sklearn.ensemble.RandomForestClassifier
sklearn.ensemble.RandomForestRegressor,ensemble.RandomForestRegressor,generated/sklearn.ensemble.RandomForestRegressor.html#sklearn.ensemble.RandomForestRegressor
sklearn.ensemble.RandomTreesEmbedding,ensemble.RandomTreesEmbedding,generated/sklearn.ensemble.RandomTreesEmbedding.html#sklearn.ensemble.RandomTreesEmbedding
sklearn.ensemble.StackingClassifier,ensemble.StackingClassifier,generated/sklearn.ensemble.StackingClassifier.html#sklearn.ensemble.StackingClassifier
sklearn.ensemble.StackingRegressor,ensemble.StackingRegressor,generated/sklearn.ensemble.StackingRegressor.html#sklearn.ensemble.StackingRegressor
sklearn.ensemble.VotingClassifier,ensemble.VotingClassifier,generated/sklearn.ensemble.VotingClassifier.html#sklearn.ensemble.VotingClassifier
sklearn.ensemble.VotingRegressor,ensemble.VotingRegressor,generated/sklearn.ensemble.VotingRegressor.html#sklearn.ensemble.VotingRegressor
sklearn.ensemble.HistGradientBoostingRegressor,ensemble.HistGradientBoostingRegressor,generated/sklearn.ensemble.HistGradientBoostingRegressor.html#sklearn.ensemble.HistGradientBoostingRegressor
sklearn.ensemble.HistGradientBoostingClassifier,ensemble.HistGradientBoostingClassifier,generated/sklearn.ensemble.HistGradientBoostingClassifier.html#sklearn.ensemble.HistGradientBoostingClassifier
sklearn.exceptions,sklearn.exceptions,#module-sklearn.exceptions
sklearn.exceptions,sklearn.exceptions,#module-sklearn.exceptions
sklearn.exceptions.ConvergenceWarning,exceptions.ConvergenceWarning,generated/sklearn.exceptions.ConvergenceWarning.html#sklearn.exceptions.ConvergenceWarning
sklearn.exceptions.DataConversionWarning,exceptions.DataConversionWarning,generated/sklearn.exceptions.DataConversionWarning.html#sklearn.exceptions.DataConversionWarning
sklearn.exceptions.DataDimensionalityWarning,exceptions.DataDimensionalityWarning,generated/sklearn.exceptions.DataDimensionalityWarning.html#sklearn.exceptions.DataDimensionalityWarning
sklearn.exceptions.EfficiencyWarning,exceptions.EfficiencyWarning,generated/sklearn.exceptions.EfficiencyWarning.html#sklearn.exceptions.EfficiencyWarning
sklearn.exceptions.FitFailedWarning,exceptions.FitFailedWarning,generated/sklearn.exceptions.FitFailedWarning.html#sklearn.exceptions.FitFailedWarning
sklearn.exceptions.NotFittedError,exceptions.NotFittedError,generated/sklearn.exceptions.NotFittedError.html#sklearn.exceptions.NotFittedError
sklearn.exceptions.UndefinedMetricWarning,exceptions.UndefinedMetricWarning,generated/sklearn.exceptions.UndefinedMetricWarning.html#sklearn.exceptions.UndefinedMetricWarning
sklearn.experimental,sklearn.experimental,#module-sklearn.experimental
sklearn.experimental,sklearn.experimental,#module-sklearn.experimental
sklearn.experimental.enable_hist_gradient_boosting,experimental.enable_hist_gradient_boosting,generated/sklearn.experimental.enable_hist_gradient_boosting.html#module-sklearn.experimental.enable_hist_gradient_boosting
sklearn.experimental.enable_iterative_imputer,experimental.enable_iterative_imputer,generated/sklearn.experimental.enable_iterative_imputer.html#module-sklearn.experimental.enable_iterative_imputer
sklearn.experimental.enable_halving_search_cv,experimental.enable_halving_search_cv,generated/sklearn.experimental.enable_halving_search_cv.html#module-sklearn.experimental.enable_halving_search_cv
sklearn.feature_extraction,sklearn.feature_extraction,#module-sklearn.feature_extraction
sklearn.feature_extraction,sklearn.feature_extraction,#module-sklearn.feature_extraction
sklearn.feature_extraction.DictVectorizer,feature_extraction.DictVectorizer,generated/sklearn.feature_extraction.DictVectorizer.html#sklearn.feature_extraction.DictVectorizer
sklearn.feature_extraction.FeatureHasher,feature_extraction.FeatureHasher,generated/sklearn.feature_extraction.FeatureHasher.html#sklearn.feature_extraction.FeatureHasher
sklearn.feature_extraction.image,sklearn.feature_extraction.image,#module-sklearn.feature_extraction.image
sklearn.feature_extraction.image.extract_patches_2d,feature_extraction.image.extract_patches_2d,generated/sklearn.feature_extraction.image.extract_patches_2d.html#sklearn.feature_extraction.image.extract_patches_2d
sklearn.feature_extraction.image.grid_to_graph,feature_extraction.image.grid_to_graph,generated/sklearn.feature_extraction.image.grid_to_graph.html#sklearn.feature_extraction.image.grid_to_graph
sklearn.feature_extraction.image.img_to_graph,feature_extraction.image.img_to_graph,generated/sklearn.feature_extraction.image.img_to_graph.html#sklearn.feature_extraction.image.img_to_graph
sklearn.feature_extraction.image.reconstruct_from_patches_2d,feature_extraction.image.reconstruct_from_patches_2d,generated/sklearn.feature_extraction.image.reconstruct_from_patches_2d.html#sklearn.feature_extraction.image.reconstruct_from_patches_2d
sklearn.feature_extraction.image.PatchExtractor,feature_extraction.image.PatchExtractor,generated/sklearn.feature_extraction.image.PatchExtractor.html#sklearn.feature_extraction.image.PatchExtractor
sklearn.feature_extraction.text,sklearn.feature_extraction.text,#module-sklearn.feature_extraction.text
sklearn.feature_extraction.text.CountVectorizer,feature_extraction.text.CountVectorizer,generated/sklearn.feature_extraction.text.CountVectorizer.html#sklearn.feature_extraction.text.CountVectorizer
sklearn.feature_extraction.text.HashingVectorizer,feature_extraction.text.HashingVectorizer,generated/sklearn.feature_extraction.text.HashingVectorizer.html#sklearn.feature_extraction.text.HashingVectorizer
sklearn.feature_extraction.text.TfidfTransformer,feature_extraction.text.TfidfTransformer,generated/sklearn.feature_extraction.text.TfidfTransformer.html#sklearn.feature_extraction.text.TfidfTransformer
sklearn.feature_extraction.text.TfidfVectorizer,feature_extraction.text.TfidfVectorizer,generated/sklearn.feature_extraction.text.TfidfVectorizer.html#sklearn.feature_extraction.text.TfidfVectorizer
sklearn.feature_selection,sklearn.feature_selection,#module-sklearn.feature_selection
sklearn.feature_selection,sklearn.feature_selection,#module-sklearn.feature_selection
sklearn.feature_selection.GenericUnivariateSelect,feature_selection.GenericUnivariateSelect,generated/sklearn.feature_selection.GenericUnivariateSelect.html#sklearn.feature_selection.GenericUnivariateSelect
sklearn.feature_selection.SelectPercentile,feature_selection.SelectPercentile,generated/sklearn.feature_selection.SelectPercentile.html#sklearn.feature_selection.SelectPercentile
sklearn.feature_selection.SelectKBest,feature_selection.SelectKBest,generated/sklearn.feature_selection.SelectKBest.html#sklearn.feature_selection.SelectKBest
sklearn.feature_selection.SelectFpr,feature_selection.SelectFpr,generated/sklearn.feature_selection.SelectFpr.html#sklearn.feature_selection.SelectFpr
sklearn.feature_selection.SelectFdr,feature_selection.SelectFdr,generated/sklearn.feature_selection.SelectFdr.html#sklearn.feature_selection.SelectFdr
sklearn.feature_selection.SelectFromModel,feature_selection.SelectFromModel,generated/sklearn.feature_selection.SelectFromModel.html#sklearn.feature_selection.SelectFromModel
sklearn.feature_selection.SelectFwe,feature_selection.SelectFwe,generated/sklearn.feature_selection.SelectFwe.html#sklearn.feature_selection.SelectFwe
sklearn.feature_selection.SequentialFeatureSelector,feature_selection.SequentialFeatureSelector,generated/sklearn.feature_selection.SequentialFeatureSelector.html#sklearn.feature_selection.SequentialFeatureSelector
sklearn.feature_selection.RFE,feature_selection.RFE,generated/sklearn.feature_selection.RFE.html#sklearn.feature_selection.RFE
sklearn.feature_selection.RFECV,feature_selection.RFECV,generated/sklearn.feature_selection.RFECV.html#sklearn.feature_selection.RFECV
sklearn.feature_selection.VarianceThreshold,feature_selection.VarianceThreshold,generated/sklearn.feature_selection.VarianceThreshold.html#sklearn.feature_selection.VarianceThreshold
sklearn.feature_selection.chi2,feature_selection.chi2,generated/sklearn.feature_selection.chi2.html#sklearn.feature_selection.chi2
sklearn.feature_selection.f_classif,feature_selection.f_classif,generated/sklearn.feature_selection.f_classif.html#sklearn.feature_selection.f_classif
sklearn.feature_selection.f_regression,feature_selection.f_regression,generated/sklearn.feature_selection.f_regression.html#sklearn.feature_selection.f_regression
sklearn.feature_selection.r_regression,feature_selection.r_regression,generated/sklearn.feature_selection.r_regression.html#sklearn.feature_selection.r_regression
sklearn.feature_selection.mutual_info_classif,feature_selection.mutual_info_classif,generated/sklearn.feature_selection.mutual_info_classif.html#sklearn.feature_selection.mutual_info_classif
sklearn.feature_selection.mutual_info_regression,feature_selection.mutual_info_regression,generated/sklearn.feature_selection.mutual_info_regression.html#sklearn.feature_selection.mutual_info_regression
sklearn.gaussian_process,sklearn.gaussian_process,#module-sklearn.gaussian_process
sklearn.gaussian_process,sklearn.gaussian_process,#module-sklearn.gaussian_process
sklearn.gaussian_process.GaussianProcessClassifier,gaussian_process.GaussianProcessClassifier,generated/sklearn.gaussian_process.GaussianProcessClassifier.html#sklearn.gaussian_process.GaussianProcessClassifier
sklearn.gaussian_process.GaussianProcessRegressor,gaussian_process.GaussianProcessRegressor,generated/sklearn.gaussian_process.GaussianProcessRegressor.html#sklearn.gaussian_process.GaussianProcessRegressor
sklearn.gaussian_process.kernels.CompoundKernel,gaussian_process.kernels.CompoundKernel,generated/sklearn.gaussian_process.kernels.CompoundKernel.html#sklearn.gaussian_process.kernels.CompoundKernel
sklearn.gaussian_process.kernels.ConstantKernel,gaussian_process.kernels.ConstantKernel,generated/sklearn.gaussian_process.kernels.ConstantKernel.html#sklearn.gaussian_process.kernels.ConstantKernel
sklearn.gaussian_process.kernels.DotProduct,gaussian_process.kernels.DotProduct,generated/sklearn.gaussian_process.kernels.DotProduct.html#sklearn.gaussian_process.kernels.DotProduct
sklearn.gaussian_process.kernels.ExpSineSquared,gaussian_process.kernels.ExpSineSquared,generated/sklearn.gaussian_process.kernels.ExpSineSquared.html#sklearn.gaussian_process.kernels.ExpSineSquared
sklearn.gaussian_process.kernels.Exponentiation,gaussian_process.kernels.Exponentiation,generated/sklearn.gaussian_process.kernels.Exponentiation.html#sklearn.gaussian_process.kernels.Exponentiation
sklearn.gaussian_process.kernels.Hyperparameter,gaussian_process.kernels.Hyperparameter,generated/sklearn.gaussian_process.kernels.Hyperparameter.html#sklearn.gaussian_process.kernels.Hyperparameter
sklearn.gaussian_process.kernels.Kernel,gaussian_process.kernels.Kernel,generated/sklearn.gaussian_process.kernels.Kernel.html#sklearn.gaussian_process.kernels.Kernel
sklearn.gaussian_process.kernels.Matern,gaussian_process.kernels.Matern,generated/sklearn.gaussian_process.kernels.Matern.html#sklearn.gaussian_process.kernels.Matern
sklearn.gaussian_process.kernels.PairwiseKernel,gaussian_process.kernels.PairwiseKernel,generated/sklearn.gaussian_process.kernels.PairwiseKernel.html#sklearn.gaussian_process.kernels.PairwiseKernel
sklearn.gaussian_process.kernels.Product,gaussian_process.kernels.Product,generated/sklearn.gaussian_process.kernels.Product.html#sklearn.gaussian_process.kernels.Product
sklearn.gaussian_process.kernels.RBF,gaussian_process.kernels.RBF,generated/sklearn.gaussian_process.kernels.RBF.html#sklearn.gaussian_process.kernels.RBF
sklearn.gaussian_process.kernels.RationalQuadratic,gaussian_process.kernels.RationalQuadratic,generated/sklearn.gaussian_process.kernels.RationalQuadratic.html#sklearn.gaussian_process.kernels.RationalQuadratic
sklearn.gaussian_process.kernels.Sum,gaussian_process.kernels.Sum,generated/sklearn.gaussian_process.kernels.Sum.html#sklearn.gaussian_process.kernels.Sum
sklearn.gaussian_process.kernels.WhiteKernel,gaussian_process.kernels.WhiteKernel,generated/sklearn.gaussian_process.kernels.WhiteKernel.html#sklearn.gaussian_process.kernels.WhiteKernel
sklearn.impute,sklearn.impute,#module-sklearn.impute
sklearn.impute.SimpleImputer,impute.SimpleImputer,generated/sklearn.impute.SimpleImputer.html#sklearn.impute.SimpleImputer
sklearn.impute.IterativeImputer,impute.IterativeImputer,generated/sklearn.impute.IterativeImputer.html#sklearn.impute.IterativeImputer
sklearn.impute.MissingIndicator,impute.MissingIndicator,generated/sklearn.impute.MissingIndicator.html#sklearn.impute.MissingIndicator
sklearn.impute.KNNImputer,impute.KNNImputer,generated/sklearn.impute.KNNImputer.html#sklearn.impute.KNNImputer
sklearn.inspection,sklearn.inspection,#module-sklearn.inspection
sklearn.inspection,sklearn.inspection,#module-sklearn.inspection
sklearn.inspection.partial_dependence,inspection.partial_dependence,generated/sklearn.inspection.partial_dependence.html#sklearn.inspection.partial_dependence
sklearn.inspection.permutation_importance,inspection.permutation_importance,generated/sklearn.inspection.permutation_importance.html#sklearn.inspection.permutation_importance
sklearn.inspection.PartialDependenceDisplay,inspection.PartialDependenceDisplay,generated/sklearn.inspection.PartialDependenceDisplay.html#sklearn.inspection.PartialDependenceDisplay
sklearn.inspection.plot_partial_dependence,inspection.plot_partial_dependence,generated/sklearn.inspection.plot_partial_dependence.html#sklearn.inspection.plot_partial_dependence
sklearn.isotonic,sklearn.isotonic,#module-sklearn.isotonic
sklearn.isotonic.IsotonicRegression,isotonic.IsotonicRegression,generated/sklearn.isotonic.IsotonicRegression.html#sklearn.isotonic.IsotonicRegression
sklearn.isotonic.check_increasing,isotonic.check_increasing,generated/sklearn.isotonic.check_increasing.html#sklearn.isotonic.check_increasing
sklearn.isotonic.isotonic_regression,isotonic.isotonic_regression,generated/sklearn.isotonic.isotonic_regression.html#sklearn.isotonic.isotonic_regression
sklearn.kernel_approximation,sklearn.kernel_approximation,#module-sklearn.kernel_approximation
sklearn.kernel_approximation,sklearn.kernel_approximation,#module-sklearn.kernel_approximation
sklearn.kernel_approximation.AdditiveChi2Sampler,kernel_approximation.AdditiveChi2Sampler,generated/sklearn.kernel_approximation.AdditiveChi2Sampler.html#sklearn.kernel_approximation.AdditiveChi2Sampler
sklearn.kernel_approximation.Nystroem,kernel_approximation.Nystroem,generated/sklearn.kernel_approximation.Nystroem.html#sklearn.kernel_approximation.Nystroem
sklearn.kernel_approximation.PolynomialCountSketch,kernel_approximation.PolynomialCountSketch,generated/sklearn.kernel_approximation.PolynomialCountSketch.html#sklearn.kernel_approximation.PolynomialCountSketch
sklearn.kernel_approximation.RBFSampler,kernel_approximation.RBFSampler,generated/sklearn.kernel_approximation.RBFSampler.html#sklearn.kernel_approximation.RBFSampler
sklearn.kernel_approximation.SkewedChi2Sampler,kernel_approximation.SkewedChi2Sampler,generated/sklearn.kernel_approximation.SkewedChi2Sampler.html#sklearn.kernel_approximation.SkewedChi2Sampler
sklearn.kernel_ridge,sklearn.kernel_ridge,#module-sklearn.kernel_ridge
sklearn.kernel_ridge,sklearn.kernel_ridge,#module-sklearn.kernel_ridge
sklearn.kernel_ridge.KernelRidge,kernel_ridge.KernelRidge,generated/sklearn.kernel_ridge.KernelRidge.html#sklearn.kernel_ridge.KernelRidge
sklearn.linear_model,sklearn.linear_model,#module-sklearn.linear_model
sklearn.linear_model,sklearn.linear_model,#module-sklearn.linear_model
sklearn.linear_model.LogisticRegression,linear_model.LogisticRegression,generated/sklearn.linear_model.LogisticRegression.html#sklearn.linear_model.LogisticRegression
sklearn.linear_model.LogisticRegressionCV,linear_model.LogisticRegressionCV,generated/sklearn.linear_model.LogisticRegressionCV.html#sklearn.linear_model.LogisticRegressionCV
sklearn.linear_model.PassiveAggressiveClassifier,linear_model.PassiveAggressiveClassifier,generated/sklearn.linear_model.PassiveAggressiveClassifier.html#sklearn.linear_model.PassiveAggressiveClassifier
sklearn.linear_model.Perceptron,linear_model.Perceptron,generated/sklearn.linear_model.Perceptron.html#sklearn.linear_model.Perceptron
sklearn.linear_model.RidgeClassifier,linear_model.RidgeClassifier,generated/sklearn.linear_model.RidgeClassifier.html#sklearn.linear_model.RidgeClassifier
sklearn.linear_model.RidgeClassifierCV,linear_model.RidgeClassifierCV,generated/sklearn.linear_model.RidgeClassifierCV.html#sklearn.linear_model.RidgeClassifierCV
sklearn.linear_model.SGDClassifier,linear_model.SGDClassifier,generated/sklearn.linear_model.SGDClassifier.html#sklearn.linear_model.SGDClassifier
sklearn.linear_model.SGDOneClassSVM,linear_model.SGDOneClassSVM,generated/sklearn.linear_model.SGDOneClassSVM.html#sklearn.linear_model.SGDOneClassSVM
sklearn.linear_model.LinearRegression,linear_model.LinearRegression,generated/sklearn.linear_model.LinearRegression.html#sklearn.linear_model.LinearRegression
sklearn.linear_model.Ridge,linear_model.Ridge,generated/sklearn.linear_model.Ridge.html#sklearn.linear_model.Ridge
sklearn.linear_model.RidgeCV,linear_model.RidgeCV,generated/sklearn.linear_model.RidgeCV.html#sklearn.linear_model.RidgeCV
sklearn.linear_model.SGDRegressor,linear_model.SGDRegressor,generated/sklearn.linear_model.SGDRegressor.html#sklearn.linear_model.SGDRegressor
sklearn.linear_model.SGDRegressor,SGDRegressor,generated/sklearn.linear_model.SGDRegressor.html#sklearn.linear_model.SGDRegressor
sklearn.linear_model.SGDClassifier,SGDClassifier,generated/sklearn.linear_model.SGDClassifier.html#sklearn.linear_model.SGDClassifier
sklearn.linear_model.ElasticNet,linear_model.ElasticNet,generated/sklearn.linear_model.ElasticNet.html#sklearn.linear_model.ElasticNet
sklearn.linear_model.ElasticNetCV,linear_model.ElasticNetCV,generated/sklearn.linear_model.ElasticNetCV.html#sklearn.linear_model.ElasticNetCV
sklearn.linear_model.Lars,linear_model.Lars,generated/sklearn.linear_model.Lars.html#sklearn.linear_model.Lars
sklearn.linear_model.LarsCV,linear_model.LarsCV,generated/sklearn.linear_model.LarsCV.html#sklearn.linear_model.LarsCV
sklearn.linear_model.Lasso,linear_model.Lasso,generated/sklearn.linear_model.Lasso.html#sklearn.linear_model.Lasso
sklearn.linear_model.LassoCV,linear_model.LassoCV,generated/sklearn.linear_model.LassoCV.html#sklearn.linear_model.LassoCV
sklearn.linear_model.LassoLars,linear_model.LassoLars,generated/sklearn.linear_model.LassoLars.html#sklearn.linear_model.LassoLars
sklearn.linear_model.LassoLarsCV,linear_model.LassoLarsCV,generated/sklearn.linear_model.LassoLarsCV.html#sklearn.linear_model.LassoLarsCV
sklearn.linear_model.LassoLarsIC,linear_model.LassoLarsIC,generated/sklearn.linear_model.LassoLarsIC.html#sklearn.linear_model.LassoLarsIC
sklearn.linear_model.OrthogonalMatchingPursuit,linear_model.OrthogonalMatchingPursuit,generated/sklearn.linear_model.OrthogonalMatchingPursuit.html#sklearn.linear_model.OrthogonalMatchingPursuit
sklearn.linear_model.OrthogonalMatchingPursuitCV,linear_model.OrthogonalMatchingPursuitCV,generated/sklearn.linear_model.OrthogonalMatchingPursuitCV.html#sklearn.linear_model.OrthogonalMatchingPursuitCV
sklearn.linear_model.ARDRegression,linear_model.ARDRegression,generated/sklearn.linear_model.ARDRegression.html#sklearn.linear_model.ARDRegression
sklearn.linear_model.BayesianRidge,linear_model.BayesianRidge,generated/sklearn.linear_model.BayesianRidge.html#sklearn.linear_model.BayesianRidge
sklearn.linear_model.MultiTaskElasticNet,linear_model.MultiTaskElasticNet,generated/sklearn.linear_model.MultiTaskElasticNet.html#sklearn.linear_model.MultiTaskElasticNet
sklearn.linear_model.MultiTaskElasticNetCV,linear_model.MultiTaskElasticNetCV,generated/sklearn.linear_model.MultiTaskElasticNetCV.html#sklearn.linear_model.MultiTaskElasticNetCV
sklearn.linear_model.MultiTaskLasso,linear_model.MultiTaskLasso,generated/sklearn.linear_model.MultiTaskLasso.html#sklearn.linear_model.MultiTaskLasso
sklearn.linear_model.MultiTaskLassoCV,linear_model.MultiTaskLassoCV,generated/sklearn.linear_model.MultiTaskLassoCV.html#sklearn.linear_model.MultiTaskLassoCV
sklearn.linear_model.SGDRegressor,SGDRegressor,generated/sklearn.linear_model.SGDRegressor.html#sklearn.linear_model.SGDRegressor
sklearn.linear_model.HuberRegressor,linear_model.HuberRegressor,generated/sklearn.linear_model.HuberRegressor.html#sklearn.linear_model.HuberRegressor
sklearn.linear_model.QuantileRegressor,linear_model.QuantileRegressor,generated/sklearn.linear_model.QuantileRegressor.html#sklearn.linear_model.QuantileRegressor
sklearn.linear_model.RANSACRegressor,linear_model.RANSACRegressor,generated/sklearn.linear_model.RANSACRegressor.html#sklearn.linear_model.RANSACRegressor
sklearn.linear_model.TheilSenRegressor,linear_model.TheilSenRegressor,generated/sklearn.linear_model.TheilSenRegressor.html#sklearn.linear_model.TheilSenRegressor
sklearn.linear_model.PoissonRegressor,linear_model.PoissonRegressor,generated/sklearn.linear_model.PoissonRegressor.html#sklearn.linear_model.PoissonRegressor
sklearn.linear_model.TweedieRegressor,linear_model.TweedieRegressor,generated/sklearn.linear_model.TweedieRegressor.html#sklearn.linear_model.TweedieRegressor
sklearn.linear_model.GammaRegressor,linear_model.GammaRegressor,generated/sklearn.linear_model.GammaRegressor.html#sklearn.linear_model.GammaRegressor
sklearn.linear_model.PassiveAggressiveRegressor,linear_model.PassiveAggressiveRegressor,generated/sklearn.linear_model.PassiveAggressiveRegressor.html#sklearn.linear_model.PassiveAggressiveRegressor
sklearn.linear_model.enet_path,linear_model.enet_path,generated/sklearn.linear_model.enet_path.html#sklearn.linear_model.enet_path
sklearn.linear_model.lars_path,linear_model.lars_path,generated/sklearn.linear_model.lars_path.html#sklearn.linear_model.lars_path
sklearn.linear_model.lars_path_gram,linear_model.lars_path_gram,generated/sklearn.linear_model.lars_path_gram.html#sklearn.linear_model.lars_path_gram
sklearn.linear_model.lasso_path,linear_model.lasso_path,generated/sklearn.linear_model.lasso_path.html#sklearn.linear_model.lasso_path
sklearn.linear_model.orthogonal_mp,linear_model.orthogonal_mp,generated/sklearn.linear_model.orthogonal_mp.html#sklearn.linear_model.orthogonal_mp
sklearn.linear_model.orthogonal_mp_gram,linear_model.orthogonal_mp_gram,generated/sklearn.linear_model.orthogonal_mp_gram.html#sklearn.linear_model.orthogonal_mp_gram
sklearn.linear_model.ridge_regression,linear_model.ridge_regression,generated/sklearn.linear_model.ridge_regression.html#sklearn.linear_model.ridge_regression
sklearn.manifold,sklearn.manifold,#module-sklearn.manifold
sklearn.manifold,sklearn.manifold,#module-sklearn.manifold
sklearn.manifold.Isomap,manifold.Isomap,generated/sklearn.manifold.Isomap.html#sklearn.manifold.Isomap
sklearn.manifold.LocallyLinearEmbedding,manifold.LocallyLinearEmbedding,generated/sklearn.manifold.LocallyLinearEmbedding.html#sklearn.manifold.LocallyLinearEmbedding
sklearn.manifold.MDS,manifold.MDS,generated/sklearn.manifold.MDS.html#sklearn.manifold.MDS
sklearn.manifold.SpectralEmbedding,manifold.SpectralEmbedding,generated/sklearn.manifold.SpectralEmbedding.html#sklearn.manifold.SpectralEmbedding
sklearn.manifold.TSNE,manifold.TSNE,generated/sklearn.manifold.TSNE.html#sklearn.manifold.TSNE
sklearn.manifold.locally_linear_embedding,manifold.locally_linear_embedding,generated/sklearn.manifold.locally_linear_embedding.html#sklearn.manifold.locally_linear_embedding
sklearn.manifold.smacof,manifold.smacof,generated/sklearn.manifold.smacof.html#sklearn.manifold.smacof
sklearn.manifold.spectral_embedding,manifold.spectral_embedding,generated/sklearn.manifold.spectral_embedding.html#sklearn.manifold.spectral_embedding
sklearn.manifold.trustworthiness,manifold.trustworthiness,generated/sklearn.manifold.trustworthiness.html#sklearn.manifold.trustworthiness
sklearn.metrics,sklearn.metrics,#module-sklearn.metrics
sklearn.metrics,sklearn.metrics,#module-sklearn.metrics
sklearn.metrics.check_scoring,metrics.check_scoring,generated/sklearn.metrics.check_scoring.html#sklearn.metrics.check_scoring
sklearn.metrics.get_scorer,metrics.get_scorer,generated/sklearn.metrics.get_scorer.html#sklearn.metrics.get_scorer
sklearn.metrics.make_scorer,metrics.make_scorer,generated/sklearn.metrics.make_scorer.html#sklearn.metrics.make_scorer
sklearn.metrics.accuracy_score,metrics.accuracy_score,generated/sklearn.metrics.accuracy_score.html#sklearn.metrics.accuracy_score
sklearn.metrics.auc,metrics.auc,generated/sklearn.metrics.auc.html#sklearn.metrics.auc
sklearn.metrics.average_precision_score,metrics.average_precision_score,generated/sklearn.metrics.average_precision_score.html#sklearn.metrics.average_precision_score
sklearn.metrics.balanced_accuracy_score,metrics.balanced_accuracy_score,generated/sklearn.metrics.balanced_accuracy_score.html#sklearn.metrics.balanced_accuracy_score
sklearn.metrics.brier_score_loss,metrics.brier_score_loss,generated/sklearn.metrics.brier_score_loss.html#sklearn.metrics.brier_score_loss
sklearn.metrics.classification_report,metrics.classification_report,generated/sklearn.metrics.classification_report.html#sklearn.metrics.classification_report
sklearn.metrics.cohen_kappa_score,metrics.cohen_kappa_score,generated/sklearn.metrics.cohen_kappa_score.html#sklearn.metrics.cohen_kappa_score
sklearn.metrics.confusion_matrix,metrics.confusion_matrix,generated/sklearn.metrics.confusion_matrix.html#sklearn.metrics.confusion_matrix
sklearn.metrics.dcg_score,metrics.dcg_score,generated/sklearn.metrics.dcg_score.html#sklearn.metrics.dcg_score
sklearn.metrics.det_curve,metrics.det_curve,generated/sklearn.metrics.det_curve.html#sklearn.metrics.det_curve
sklearn.metrics.f1_score,metrics.f1_score,generated/sklearn.metrics.f1_score.html#sklearn.metrics.f1_score
sklearn.metrics.fbeta_score,metrics.fbeta_score,generated/sklearn.metrics.fbeta_score.html#sklearn.metrics.fbeta_score
sklearn.metrics.hamming_loss,metrics.hamming_loss,generated/sklearn.metrics.hamming_loss.html#sklearn.metrics.hamming_loss
sklearn.metrics.hinge_loss,metrics.hinge_loss,generated/sklearn.metrics.hinge_loss.html#sklearn.metrics.hinge_loss
sklearn.metrics.jaccard_score,metrics.jaccard_score,generated/sklearn.metrics.jaccard_score.html#sklearn.metrics.jaccard_score
sklearn.metrics.log_loss,metrics.log_loss,generated/sklearn.metrics.log_loss.html#sklearn.metrics.log_loss
sklearn.metrics.matthews_corrcoef,metrics.matthews_corrcoef,generated/sklearn.metrics.matthews_corrcoef.html#sklearn.metrics.matthews_corrcoef
sklearn.metrics.multilabel_confusion_matrix,metrics.multilabel_confusion_matrix,generated/sklearn.metrics.multilabel_confusion_matrix.html#sklearn.metrics.multilabel_confusion_matrix
sklearn.metrics.ndcg_score,metrics.ndcg_score,generated/sklearn.metrics.ndcg_score.html#sklearn.metrics.ndcg_score
sklearn.metrics.precision_recall_curve,metrics.precision_recall_curve,generated/sklearn.metrics.precision_recall_curve.html#sklearn.metrics.precision_recall_curve
sklearn.metrics.precision_recall_fscore_support,metrics.precision_recall_fscore_support,generated/sklearn.metrics.precision_recall_fscore_support.html#sklearn.metrics.precision_recall_fscore_support
sklearn.metrics.precision_score,metrics.precision_score,generated/sklearn.metrics.precision_score.html#sklearn.metrics.precision_score
sklearn.metrics.recall_score,metrics.recall_score,generated/sklearn.metrics.recall_score.html#sklearn.metrics.recall_score
sklearn.metrics.roc_auc_score,metrics.roc_auc_score,generated/sklearn.metrics.roc_auc_score.html#sklearn.metrics.roc_auc_score
sklearn.metrics.roc_curve,metrics.roc_curve,generated/sklearn.metrics.roc_curve.html#sklearn.metrics.roc_curve
sklearn.metrics.top_k_accuracy_score,metrics.top_k_accuracy_score,generated/sklearn.metrics.top_k_accuracy_score.html#sklearn.metrics.top_k_accuracy_score
sklearn.metrics.zero_one_loss,metrics.zero_one_loss,generated/sklearn.metrics.zero_one_loss.html#sklearn.metrics.zero_one_loss
sklearn.metrics.explained_variance_score,metrics.explained_variance_score,generated/sklearn.metrics.explained_variance_score.html#sklearn.metrics.explained_variance_score
sklearn.metrics.max_error,metrics.max_error,generated/sklearn.metrics.max_error.html#sklearn.metrics.max_error
sklearn.metrics.mean_absolute_error,metrics.mean_absolute_error,generated/sklearn.metrics.mean_absolute_error.html#sklearn.metrics.mean_absolute_error
sklearn.metrics.mean_squared_error,metrics.mean_squared_error,generated/sklearn.metrics.mean_squared_error.html#sklearn.metrics.mean_squared_error
sklearn.metrics.mean_squared_log_error,metrics.mean_squared_log_error,generated/sklearn.metrics.mean_squared_log_error.html#sklearn.metrics.mean_squared_log_error
sklearn.metrics.median_absolute_error,metrics.median_absolute_error,generated/sklearn.metrics.median_absolute_error.html#sklearn.metrics.median_absolute_error
sklearn.metrics.mean_absolute_percentage_error,metrics.mean_absolute_percentage_error,generated/sklearn.metrics.mean_absolute_percentage_error.html#sklearn.metrics.mean_absolute_percentage_error
sklearn.metrics.r2_score,metrics.r2_score,generated/sklearn.metrics.r2_score.html#sklearn.metrics.r2_score
sklearn.metrics.mean_poisson_deviance,metrics.mean_poisson_deviance,generated/sklearn.metrics.mean_poisson_deviance.html#sklearn.metrics.mean_poisson_deviance
sklearn.metrics.mean_gamma_deviance,metrics.mean_gamma_deviance,generated/sklearn.metrics.mean_gamma_deviance.html#sklearn.metrics.mean_gamma_deviance
sklearn.metrics.mean_tweedie_deviance,metrics.mean_tweedie_deviance,generated/sklearn.metrics.mean_tweedie_deviance.html#sklearn.metrics.mean_tweedie_deviance
sklearn.metrics.d2_tweedie_score,metrics.d2_tweedie_score,generated/sklearn.metrics.d2_tweedie_score.html#sklearn.metrics.d2_tweedie_score
sklearn.metrics.mean_pinball_loss,metrics.mean_pinball_loss,generated/sklearn.metrics.mean_pinball_loss.html#sklearn.metrics.mean_pinball_loss
sklearn.metrics.coverage_error,metrics.coverage_error,generated/sklearn.metrics.coverage_error.html#sklearn.metrics.coverage_error
sklearn.metrics.label_ranking_average_precision_score,metrics.label_ranking_average_precision_score,generated/sklearn.metrics.label_ranking_average_precision_score.html#sklearn.metrics.label_ranking_average_precision_score
sklearn.metrics.label_ranking_loss,metrics.label_ranking_loss,generated/sklearn.metrics.label_ranking_loss.html#sklearn.metrics.label_ranking_loss
sklearn.metrics.cluster,sklearn.metrics.cluster,#module-sklearn.metrics.cluster
sklearn.metrics.adjusted_mutual_info_score,metrics.adjusted_mutual_info_score,generated/sklearn.metrics.adjusted_mutual_info_score.html#sklearn.metrics.adjusted_mutual_info_score
sklearn.metrics.adjusted_rand_score,metrics.adjusted_rand_score,generated/sklearn.metrics.adjusted_rand_score.html#sklearn.metrics.adjusted_rand_score
sklearn.metrics.calinski_harabasz_score,metrics.calinski_harabasz_score,generated/sklearn.metrics.calinski_harabasz_score.html#sklearn.metrics.calinski_harabasz_score
sklearn.metrics.davies_bouldin_score,metrics.davies_bouldin_score,generated/sklearn.metrics.davies_bouldin_score.html#sklearn.metrics.davies_bouldin_score
sklearn.metrics.completeness_score,metrics.completeness_score,generated/sklearn.metrics.completeness_score.html#sklearn.metrics.completeness_score
sklearn.metrics.cluster.contingency_matrix,metrics.cluster.contingency_matrix,generated/sklearn.metrics.cluster.contingency_matrix.html#sklearn.metrics.cluster.contingency_matrix
sklearn.metrics.cluster.pair_confusion_matrix,metrics.cluster.pair_confusion_matrix,generated/sklearn.metrics.cluster.pair_confusion_matrix.html#sklearn.metrics.cluster.pair_confusion_matrix
sklearn.metrics.fowlkes_mallows_score,metrics.fowlkes_mallows_score,generated/sklearn.metrics.fowlkes_mallows_score.html#sklearn.metrics.fowlkes_mallows_score
sklearn.metrics.homogeneity_completeness_v_measure,metrics.homogeneity_completeness_v_measure,generated/sklearn.metrics.homogeneity_completeness_v_measure.html#sklearn.metrics.homogeneity_completeness_v_measure
sklearn.metrics.homogeneity_score,metrics.homogeneity_score,generated/sklearn.metrics.homogeneity_score.html#sklearn.metrics.homogeneity_score
sklearn.metrics.mutual_info_score,metrics.mutual_info_score,generated/sklearn.metrics.mutual_info_score.html#sklearn.metrics.mutual_info_score
sklearn.metrics.normalized_mutual_info_score,metrics.normalized_mutual_info_score,generated/sklearn.metrics.normalized_mutual_info_score.html#sklearn.metrics.normalized_mutual_info_score
sklearn.metrics.rand_score,metrics.rand_score,generated/sklearn.metrics.rand_score.html#sklearn.metrics.rand_score
sklearn.metrics.silhouette_score,metrics.silhouette_score,generated/sklearn.metrics.silhouette_score.html#sklearn.metrics.silhouette_score
sklearn.metrics.silhouette_samples,metrics.silhouette_samples,generated/sklearn.metrics.silhouette_samples.html#sklearn.metrics.silhouette_samples
sklearn.metrics.v_measure_score,metrics.v_measure_score,generated/sklearn.metrics.v_measure_score.html#sklearn.metrics.v_measure_score
sklearn.metrics.consensus_score,metrics.consensus_score,generated/sklearn.metrics.consensus_score.html#sklearn.metrics.consensus_score
sklearn.metrics.pairwise.additive_chi2_kernel,metrics.pairwise.additive_chi2_kernel,generated/sklearn.metrics.pairwise.additive_chi2_kernel.html#sklearn.metrics.pairwise.additive_chi2_kernel
sklearn.metrics.pairwise.chi2_kernel,metrics.pairwise.chi2_kernel,generated/sklearn.metrics.pairwise.chi2_kernel.html#sklearn.metrics.pairwise.chi2_kernel
sklearn.metrics.pairwise.cosine_similarity,metrics.pairwise.cosine_similarity,generated/sklearn.metrics.pairwise.cosine_similarity.html#sklearn.metrics.pairwise.cosine_similarity
sklearn.metrics.pairwise.cosine_distances,metrics.pairwise.cosine_distances,generated/sklearn.metrics.pairwise.cosine_distances.html#sklearn.metrics.pairwise.cosine_distances
sklearn.metrics.pairwise.distance_metrics,metrics.pairwise.distance_metrics,generated/sklearn.metrics.pairwise.distance_metrics.html#sklearn.metrics.pairwise.distance_metrics
sklearn.metrics.pairwise.euclidean_distances,metrics.pairwise.euclidean_distances,generated/sklearn.metrics.pairwise.euclidean_distances.html#sklearn.metrics.pairwise.euclidean_distances
sklearn.metrics.pairwise.haversine_distances,metrics.pairwise.haversine_distances,generated/sklearn.metrics.pairwise.haversine_distances.html#sklearn.metrics.pairwise.haversine_distances
sklearn.metrics.pairwise.kernel_metrics,metrics.pairwise.kernel_metrics,generated/sklearn.metrics.pairwise.kernel_metrics.html#sklearn.metrics.pairwise.kernel_metrics
sklearn.metrics.pairwise.laplacian_kernel,metrics.pairwise.laplacian_kernel,generated/sklearn.metrics.pairwise.laplacian_kernel.html#sklearn.metrics.pairwise.laplacian_kernel
sklearn.metrics.pairwise.linear_kernel,metrics.pairwise.linear_kernel,generated/sklearn.metrics.pairwise.linear_kernel.html#sklearn.metrics.pairwise.linear_kernel
sklearn.metrics.pairwise.manhattan_distances,metrics.pairwise.manhattan_distances,generated/sklearn.metrics.pairwise.manhattan_distances.html#sklearn.metrics.pairwise.manhattan_distances
sklearn.metrics.pairwise.nan_euclidean_distances,metrics.pairwise.nan_euclidean_distances,generated/sklearn.metrics.pairwise.nan_euclidean_distances.html#sklearn.metrics.pairwise.nan_euclidean_distances
sklearn.metrics.pairwise.pairwise_kernels,metrics.pairwise.pairwise_kernels,generated/sklearn.metrics.pairwise.pairwise_kernels.html#sklearn.metrics.pairwise.pairwise_kernels
sklearn.metrics.pairwise.polynomial_kernel,metrics.pairwise.polynomial_kernel,generated/sklearn.metrics.pairwise.polynomial_kernel.html#sklearn.metrics.pairwise.polynomial_kernel
sklearn.metrics.pairwise.rbf_kernel,metrics.pairwise.rbf_kernel,generated/sklearn.metrics.pairwise.rbf_kernel.html#sklearn.metrics.pairwise.rbf_kernel
sklearn.metrics.pairwise.sigmoid_kernel,metrics.pairwise.sigmoid_kernel,generated/sklearn.metrics.pairwise.sigmoid_kernel.html#sklearn.metrics.pairwise.sigmoid_kernel
sklearn.metrics.pairwise.paired_euclidean_distances,metrics.pairwise.paired_euclidean_distances,generated/sklearn.metrics.pairwise.paired_euclidean_distances.html#sklearn.metrics.pairwise.paired_euclidean_distances
sklearn.metrics.pairwise.paired_manhattan_distances,metrics.pairwise.paired_manhattan_distances,generated/sklearn.metrics.pairwise.paired_manhattan_distances.html#sklearn.metrics.pairwise.paired_manhattan_distances
sklearn.metrics.pairwise.paired_cosine_distances,metrics.pairwise.paired_cosine_distances,generated/sklearn.metrics.pairwise.paired_cosine_distances.html#sklearn.metrics.pairwise.paired_cosine_distances
sklearn.metrics.pairwise.paired_distances,metrics.pairwise.paired_distances,generated/sklearn.metrics.pairwise.paired_distances.html#sklearn.metrics.pairwise.paired_distances
sklearn.metrics.pairwise_distances,metrics.pairwise_distances,generated/sklearn.metrics.pairwise_distances.html#sklearn.metrics.pairwise_distances
sklearn.metrics.pairwise_distances_argmin,metrics.pairwise_distances_argmin,generated/sklearn.metrics.pairwise_distances_argmin.html#sklearn.metrics.pairwise_distances_argmin
sklearn.metrics.pairwise_distances_argmin_min,metrics.pairwise_distances_argmin_min,generated/sklearn.metrics.pairwise_distances_argmin_min.html#sklearn.metrics.pairwise_distances_argmin_min
sklearn.metrics.pairwise_distances_chunked,metrics.pairwise_distances_chunked,generated/sklearn.metrics.pairwise_distances_chunked.html#sklearn.metrics.pairwise_distances_chunked
sklearn.metrics.plot_confusion_matrix,metrics.plot_confusion_matrix,generated/sklearn.metrics.plot_confusion_matrix.html#sklearn.metrics.plot_confusion_matrix
sklearn.metrics.plot_det_curve,metrics.plot_det_curve,generated/sklearn.metrics.plot_det_curve.html#sklearn.metrics.plot_det_curve
sklearn.metrics.plot_precision_recall_curve,metrics.plot_precision_recall_curve,generated/sklearn.metrics.plot_precision_recall_curve.html#sklearn.metrics.plot_precision_recall_curve
sklearn.metrics.plot_roc_curve,metrics.plot_roc_curve,generated/sklearn.metrics.plot_roc_curve.html#sklearn.metrics.plot_roc_curve
sklearn.metrics.ConfusionMatrixDisplay,metrics.ConfusionMatrixDisplay,generated/sklearn.metrics.ConfusionMatrixDisplay.html#sklearn.metrics.ConfusionMatrixDisplay
sklearn.metrics.DetCurveDisplay,metrics.DetCurveDisplay,generated/sklearn.metrics.DetCurveDisplay.html#sklearn.metrics.DetCurveDisplay
sklearn.metrics.PrecisionRecallDisplay,metrics.PrecisionRecallDisplay,generated/sklearn.metrics.PrecisionRecallDisplay.html#sklearn.metrics.PrecisionRecallDisplay
sklearn.metrics.RocCurveDisplay,metrics.RocCurveDisplay,generated/sklearn.metrics.RocCurveDisplay.html#sklearn.metrics.RocCurveDisplay
sklearn.calibration.CalibrationDisplay,calibration.CalibrationDisplay,generated/sklearn.calibration.CalibrationDisplay.html#sklearn.calibration.CalibrationDisplay
sklearn.mixture,sklearn.mixture,#module-sklearn.mixture
sklearn.mixture,sklearn.mixture,#module-sklearn.mixture
sklearn.mixture.BayesianGaussianMixture,mixture.BayesianGaussianMixture,generated/sklearn.mixture.BayesianGaussianMixture.html#sklearn.mixture.BayesianGaussianMixture
sklearn.mixture.GaussianMixture,mixture.GaussianMixture,generated/sklearn.mixture.GaussianMixture.html#sklearn.mixture.GaussianMixture
sklearn.model_selection,sklearn.model_selection,#module-sklearn.model_selection
sklearn.model_selection.GroupKFold,model_selection.GroupKFold,generated/sklearn.model_selection.GroupKFold.html#sklearn.model_selection.GroupKFold
sklearn.model_selection.GroupShuffleSplit,model_selection.GroupShuffleSplit,generated/sklearn.model_selection.GroupShuffleSplit.html#sklearn.model_selection.GroupShuffleSplit
sklearn.model_selection.KFold,model_selection.KFold,generated/sklearn.model_selection.KFold.html#sklearn.model_selection.KFold
sklearn.model_selection.LeaveOneGroupOut,model_selection.LeaveOneGroupOut,generated/sklearn.model_selection.LeaveOneGroupOut.html#sklearn.model_selection.LeaveOneGroupOut
sklearn.model_selection.LeavePGroupsOut,model_selection.LeavePGroupsOut,generated/sklearn.model_selection.LeavePGroupsOut.html#sklearn.model_selection.LeavePGroupsOut
sklearn.model_selection.LeaveOneOut,model_selection.LeaveOneOut,generated/sklearn.model_selection.LeaveOneOut.html#sklearn.model_selection.LeaveOneOut
sklearn.model_selection.LeavePOut,model_selection.LeavePOut,generated/sklearn.model_selection.LeavePOut.html#sklearn.model_selection.LeavePOut
sklearn.model_selection.PredefinedSplit,model_selection.PredefinedSplit,generated/sklearn.model_selection.PredefinedSplit.html#sklearn.model_selection.PredefinedSplit
sklearn.model_selection.RepeatedKFold,model_selection.RepeatedKFold,generated/sklearn.model_selection.RepeatedKFold.html#sklearn.model_selection.RepeatedKFold
sklearn.model_selection.RepeatedStratifiedKFold,model_selection.RepeatedStratifiedKFold,generated/sklearn.model_selection.RepeatedStratifiedKFold.html#sklearn.model_selection.RepeatedStratifiedKFold
sklearn.model_selection.ShuffleSplit,model_selection.ShuffleSplit,generated/sklearn.model_selection.ShuffleSplit.html#sklearn.model_selection.ShuffleSplit
sklearn.model_selection.StratifiedKFold,model_selection.StratifiedKFold,generated/sklearn.model_selection.StratifiedKFold.html#sklearn.model_selection.StratifiedKFold
sklearn.model_selection.StratifiedShuffleSplit,model_selection.StratifiedShuffleSplit,generated/sklearn.model_selection.StratifiedShuffleSplit.html#sklearn.model_selection.StratifiedShuffleSplit
sklearn.model_selection.StratifiedGroupKFold,model_selection.StratifiedGroupKFold,generated/sklearn.model_selection.StratifiedGroupKFold.html#sklearn.model_selection.StratifiedGroupKFold
sklearn.model_selection.TimeSeriesSplit,model_selection.TimeSeriesSplit,generated/sklearn.model_selection.TimeSeriesSplit.html#sklearn.model_selection.TimeSeriesSplit
sklearn.model_selection.check_cv,model_selection.check_cv,generated/sklearn.model_selection.check_cv.html#sklearn.model_selection.check_cv
sklearn.model_selection.train_test_split,model_selection.train_test_split,generated/sklearn.model_selection.train_test_split.html#sklearn.model_selection.train_test_split
sklearn.model_selection.GridSearchCV,model_selection.GridSearchCV,generated/sklearn.model_selection.GridSearchCV.html#sklearn.model_selection.GridSearchCV
sklearn.model_selection.HalvingGridSearchCV,model_selection.HalvingGridSearchCV,generated/sklearn.model_selection.HalvingGridSearchCV.html#sklearn.model_selection.HalvingGridSearchCV
sklearn.model_selection.ParameterGrid,model_selection.ParameterGrid,generated/sklearn.model_selection.ParameterGrid.html#sklearn.model_selection.ParameterGrid
sklearn.model_selection.ParameterSampler,model_selection.ParameterSampler,generated/sklearn.model_selection.ParameterSampler.html#sklearn.model_selection.ParameterSampler
sklearn.model_selection.RandomizedSearchCV,model_selection.RandomizedSearchCV,generated/sklearn.model_selection.RandomizedSearchCV.html#sklearn.model_selection.RandomizedSearchCV
sklearn.model_selection.HalvingRandomSearchCV,model_selection.HalvingRandomSearchCV,generated/sklearn.model_selection.HalvingRandomSearchCV.html#sklearn.model_selection.HalvingRandomSearchCV
sklearn.model_selection.cross_validate,model_selection.cross_validate,generated/sklearn.model_selection.cross_validate.html#sklearn.model_selection.cross_validate
sklearn.model_selection.cross_val_predict,model_selection.cross_val_predict,generated/sklearn.model_selection.cross_val_predict.html#sklearn.model_selection.cross_val_predict
sklearn.model_selection.cross_val_score,model_selection.cross_val_score,generated/sklearn.model_selection.cross_val_score.html#sklearn.model_selection.cross_val_score
sklearn.model_selection.learning_curve,model_selection.learning_curve,generated/sklearn.model_selection.learning_curve.html#sklearn.model_selection.learning_curve
sklearn.model_selection.permutation_test_score,model_selection.permutation_test_score,generated/sklearn.model_selection.permutation_test_score.html#sklearn.model_selection.permutation_test_score
sklearn.model_selection.validation_curve,model_selection.validation_curve,generated/sklearn.model_selection.validation_curve.html#sklearn.model_selection.validation_curve
sklearn.multiclass,sklearn.multiclass,#module-sklearn.multiclass
sklearn.multiclass.OneVsRestClassifier,multiclass.OneVsRestClassifier,generated/sklearn.multiclass.OneVsRestClassifier.html#sklearn.multiclass.OneVsRestClassifier
sklearn.multiclass.OneVsOneClassifier,multiclass.OneVsOneClassifier,generated/sklearn.multiclass.OneVsOneClassifier.html#sklearn.multiclass.OneVsOneClassifier
sklearn.multiclass.OutputCodeClassifier,multiclass.OutputCodeClassifier,generated/sklearn.multiclass.OutputCodeClassifier.html#sklearn.multiclass.OutputCodeClassifier
sklearn.multioutput,sklearn.multioutput,#module-sklearn.multioutput
sklearn.multioutput.ClassifierChain,multioutput.ClassifierChain,generated/sklearn.multioutput.ClassifierChain.html#sklearn.multioutput.ClassifierChain
sklearn.multioutput.MultiOutputRegressor,multioutput.MultiOutputRegressor,generated/sklearn.multioutput.MultiOutputRegressor.html#sklearn.multioutput.MultiOutputRegressor
sklearn.multioutput.MultiOutputClassifier,multioutput.MultiOutputClassifier,generated/sklearn.multioutput.MultiOutputClassifier.html#sklearn.multioutput.MultiOutputClassifier
sklearn.multioutput.RegressorChain,multioutput.RegressorChain,generated/sklearn.multioutput.RegressorChain.html#sklearn.multioutput.RegressorChain
sklearn.naive_bayes,sklearn.naive_bayes,#module-sklearn.naive_bayes
sklearn.naive_bayes,sklearn.naive_bayes,#module-sklearn.naive_bayes
sklearn.naive_bayes.BernoulliNB,naive_bayes.BernoulliNB,generated/sklearn.naive_bayes.BernoulliNB.html#sklearn.naive_bayes.BernoulliNB
sklearn.naive_bayes.CategoricalNB,naive_bayes.CategoricalNB,generated/sklearn.naive_bayes.CategoricalNB.html#sklearn.naive_bayes.CategoricalNB
sklearn.naive_bayes.ComplementNB,naive_bayes.ComplementNB,generated/sklearn.naive_bayes.ComplementNB.html#sklearn.naive_bayes.ComplementNB
sklearn.naive_bayes.GaussianNB,naive_bayes.GaussianNB,generated/sklearn.naive_bayes.GaussianNB.html#sklearn.naive_bayes.GaussianNB
sklearn.naive_bayes.MultinomialNB,naive_bayes.MultinomialNB,generated/sklearn.naive_bayes.MultinomialNB.html#sklearn.naive_bayes.MultinomialNB
sklearn.neighbors,sklearn.neighbors,#module-sklearn.neighbors
sklearn.neighbors,sklearn.neighbors,#module-sklearn.neighbors
sklearn.neighbors.BallTree,neighbors.BallTree,generated/sklearn.neighbors.BallTree.html#sklearn.neighbors.BallTree
sklearn.neighbors.DistanceMetric,neighbors.DistanceMetric,generated/sklearn.neighbors.DistanceMetric.html#sklearn.neighbors.DistanceMetric
sklearn.neighbors.KDTree,neighbors.KDTree,generated/sklearn.neighbors.KDTree.html#sklearn.neighbors.KDTree
sklearn.neighbors.KernelDensity,neighbors.KernelDensity,generated/sklearn.neighbors.KernelDensity.html#sklearn.neighbors.KernelDensity
sklearn.neighbors.KNeighborsClassifier,neighbors.KNeighborsClassifier,generated/sklearn.neighbors.KNeighborsClassifier.html#sklearn.neighbors.KNeighborsClassifier
sklearn.neighbors.KNeighborsRegressor,neighbors.KNeighborsRegressor,generated/sklearn.neighbors.KNeighborsRegressor.html#sklearn.neighbors.KNeighborsRegressor
sklearn.neighbors.KNeighborsTransformer,neighbors.KNeighborsTransformer,generated/sklearn.neighbors.KNeighborsTransformer.html#sklearn.neighbors.KNeighborsTransformer
sklearn.neighbors.LocalOutlierFactor,neighbors.LocalOutlierFactor,generated/sklearn.neighbors.LocalOutlierFactor.html#sklearn.neighbors.LocalOutlierFactor
sklearn.neighbors.RadiusNeighborsClassifier,neighbors.RadiusNeighborsClassifier,generated/sklearn.neighbors.RadiusNeighborsClassifier.html#sklearn.neighbors.RadiusNeighborsClassifier
sklearn.neighbors.RadiusNeighborsRegressor,neighbors.RadiusNeighborsRegressor,generated/sklearn.neighbors.RadiusNeighborsRegressor.html#sklearn.neighbors.RadiusNeighborsRegressor
sklearn.neighbors.RadiusNeighborsTransformer,neighbors.RadiusNeighborsTransformer,generated/sklearn.neighbors.RadiusNeighborsTransformer.html#sklearn.neighbors.RadiusNeighborsTransformer
sklearn.neighbors.NearestCentroid,neighbors.NearestCentroid,generated/sklearn.neighbors.NearestCentroid.html#sklearn.neighbors.NearestCentroid
sklearn.neighbors.NearestNeighbors,neighbors.NearestNeighbors,generated/sklearn.neighbors.NearestNeighbors.html#sklearn.neighbors.NearestNeighbors
sklearn.neighbors.NeighborhoodComponentsAnalysis,neighbors.NeighborhoodComponentsAnalysis,generated/sklearn.neighbors.NeighborhoodComponentsAnalysis.html#sklearn.neighbors.NeighborhoodComponentsAnalysis
sklearn.neighbors.kneighbors_graph,neighbors.kneighbors_graph,generated/sklearn.neighbors.kneighbors_graph.html#sklearn.neighbors.kneighbors_graph
sklearn.neighbors.radius_neighbors_graph,neighbors.radius_neighbors_graph,generated/sklearn.neighbors.radius_neighbors_graph.html#sklearn.neighbors.radius_neighbors_graph
sklearn.neural_network,sklearn.neural_network,#module-sklearn.neural_network
sklearn.neural_network,sklearn.neural_network,#module-sklearn.neural_network
sklearn.neural_network.BernoulliRBM,neural_network.BernoulliRBM,generated/sklearn.neural_network.BernoulliRBM.html#sklearn.neural_network.BernoulliRBM
sklearn.neural_network.MLPClassifier,neural_network.MLPClassifier,generated/sklearn.neural_network.MLPClassifier.html#sklearn.neural_network.MLPClassifier
sklearn.neural_network.MLPRegressor,neural_network.MLPRegressor,generated/sklearn.neural_network.MLPRegressor.html#sklearn.neural_network.MLPRegressor
sklearn.pipeline,sklearn.pipeline,#module-sklearn.pipeline
sklearn.pipeline,sklearn.pipeline,#module-sklearn.pipeline
sklearn.pipeline.FeatureUnion,pipeline.FeatureUnion,generated/sklearn.pipeline.FeatureUnion.html#sklearn.pipeline.FeatureUnion
sklearn.pipeline.Pipeline,pipeline.Pipeline,generated/sklearn.pipeline.Pipeline.html#sklearn.pipeline.Pipeline
sklearn.pipeline.make_pipeline,pipeline.make_pipeline,generated/sklearn.pipeline.make_pipeline.html#sklearn.pipeline.make_pipeline
sklearn.pipeline.make_union,pipeline.make_union,generated/sklearn.pipeline.make_union.html#sklearn.pipeline.make_union
sklearn.preprocessing,sklearn.preprocessing,#module-sklearn.preprocessing
sklearn.preprocessing,sklearn.preprocessing,#module-sklearn.preprocessing
sklearn.preprocessing.Binarizer,preprocessing.Binarizer,generated/sklearn.preprocessing.Binarizer.html#sklearn.preprocessing.Binarizer
sklearn.preprocessing.FunctionTransformer,preprocessing.FunctionTransformer,generated/sklearn.preprocessing.FunctionTransformer.html#sklearn.preprocessing.FunctionTransformer
sklearn.preprocessing.KBinsDiscretizer,preprocessing.KBinsDiscretizer,generated/sklearn.preprocessing.KBinsDiscretizer.html#sklearn.preprocessing.KBinsDiscretizer
sklearn.preprocessing.KernelCenterer,preprocessing.KernelCenterer,generated/sklearn.preprocessing.KernelCenterer.html#sklearn.preprocessing.KernelCenterer
sklearn.preprocessing.LabelBinarizer,preprocessing.LabelBinarizer,generated/sklearn.preprocessing.LabelBinarizer.html#sklearn.preprocessing.LabelBinarizer
sklearn.preprocessing.LabelEncoder,preprocessing.LabelEncoder,generated/sklearn.preprocessing.LabelEncoder.html#sklearn.preprocessing.LabelEncoder
sklearn.preprocessing.MultiLabelBinarizer,preprocessing.MultiLabelBinarizer,generated/sklearn.preprocessing.MultiLabelBinarizer.html#sklearn.preprocessing.MultiLabelBinarizer
sklearn.preprocessing.MaxAbsScaler,preprocessing.MaxAbsScaler,generated/sklearn.preprocessing.MaxAbsScaler.html#sklearn.preprocessing.MaxAbsScaler
sklearn.preprocessing.MinMaxScaler,preprocessing.MinMaxScaler,generated/sklearn.preprocessing.MinMaxScaler.html#sklearn.preprocessing.MinMaxScaler
sklearn.preprocessing.Normalizer,preprocessing.Normalizer,generated/sklearn.preprocessing.Normalizer.html#sklearn.preprocessing.Normalizer
sklearn.preprocessing.OneHotEncoder,preprocessing.OneHotEncoder,generated/sklearn.preprocessing.OneHotEncoder.html#sklearn.preprocessing.OneHotEncoder
sklearn.preprocessing.OrdinalEncoder,preprocessing.OrdinalEncoder,generated/sklearn.preprocessing.OrdinalEncoder.html#sklearn.preprocessing.OrdinalEncoder
sklearn.preprocessing.PolynomialFeatures,preprocessing.PolynomialFeatures,generated/sklearn.preprocessing.PolynomialFeatures.html#sklearn.preprocessing.PolynomialFeatures
sklearn.preprocessing.PowerTransformer,preprocessing.PowerTransformer,generated/sklearn.preprocessing.PowerTransformer.html#sklearn.preprocessing.PowerTransformer
sklearn.preprocessing.QuantileTransformer,preprocessing.QuantileTransformer,generated/sklearn.preprocessing.QuantileTransformer.html#sklearn.preprocessing.QuantileTransformer
sklearn.preprocessing.RobustScaler,preprocessing.RobustScaler,generated/sklearn.preprocessing.RobustScaler.html#sklearn.preprocessing.RobustScaler
sklearn.preprocessing.SplineTransformer,preprocessing.SplineTransformer,generated/sklearn.preprocessing.SplineTransformer.html#sklearn.preprocessing.SplineTransformer
sklearn.preprocessing.StandardScaler,preprocessing.StandardScaler,generated/sklearn.preprocessing.StandardScaler.html#sklearn.preprocessing.StandardScaler
sklearn.preprocessing.add_dummy_feature,preprocessing.add_dummy_feature,generated/sklearn.preprocessing.add_dummy_feature.html#sklearn.preprocessing.add_dummy_feature
sklearn.preprocessing.binarize,preprocessing.binarize,generated/sklearn.preprocessing.binarize.html#sklearn.preprocessing.binarize
sklearn.preprocessing.label_binarize,preprocessing.label_binarize,generated/sklearn.preprocessing.label_binarize.html#sklearn.preprocessing.label_binarize
sklearn.preprocessing.maxabs_scale,preprocessing.maxabs_scale,generated/sklearn.preprocessing.maxabs_scale.html#sklearn.preprocessing.maxabs_scale
sklearn.preprocessing.minmax_scale,preprocessing.minmax_scale,generated/sklearn.preprocessing.minmax_scale.html#sklearn.preprocessing.minmax_scale
sklearn.preprocessing.normalize,preprocessing.normalize,generated/sklearn.preprocessing.normalize.html#sklearn.preprocessing.normalize
sklearn.preprocessing.quantile_transform,preprocessing.quantile_transform,generated/sklearn.preprocessing.quantile_transform.html#sklearn.preprocessing.quantile_transform
sklearn.preprocessing.robust_scale,preprocessing.robust_scale,generated/sklearn.preprocessing.robust_scale.html#sklearn.preprocessing.robust_scale
sklearn.preprocessing.scale,preprocessing.scale,generated/sklearn.preprocessing.scale.html#sklearn.preprocessing.scale
sklearn.preprocessing.power_transform,preprocessing.power_transform,generated/sklearn.preprocessing.power_transform.html#sklearn.preprocessing.power_transform
sklearn.random_projection,sklearn.random_projection,#module-sklearn.random_projection
sklearn.random_projection.GaussianRandomProjection,random_projection.GaussianRandomProjection,generated/sklearn.random_projection.GaussianRandomProjection.html#sklearn.random_projection.GaussianRandomProjection
sklearn.random_projection.SparseRandomProjection,random_projection.SparseRandomProjection,generated/sklearn.random_projection.SparseRandomProjection.html#sklearn.random_projection.SparseRandomProjection
sklearn.random_projection.johnson_lindenstrauss_min_dim,random_projection.johnson_lindenstrauss_min_dim,generated/sklearn.random_projection.johnson_lindenstrauss_min_dim.html#sklearn.random_projection.johnson_lindenstrauss_min_dim
sklearn.semi_supervised,sklearn.semi_supervised,#module-sklearn.semi_supervised
sklearn.semi_supervised,sklearn.semi_supervised,#module-sklearn.semi_supervised
sklearn.semi_supervised.LabelPropagation,semi_supervised.LabelPropagation,generated/sklearn.semi_supervised.LabelPropagation.html#sklearn.semi_supervised.LabelPropagation
sklearn.semi_supervised.LabelSpreading,semi_supervised.LabelSpreading,generated/sklearn.semi_supervised.LabelSpreading.html#sklearn.semi_supervised.LabelSpreading
sklearn.semi_supervised.SelfTrainingClassifier,semi_supervised.SelfTrainingClassifier,generated/sklearn.semi_supervised.SelfTrainingClassifier.html#sklearn.semi_supervised.SelfTrainingClassifier
sklearn.svm,sklearn.svm,#module-sklearn.svm
sklearn.svm,sklearn.svm,#module-sklearn.svm
sklearn.svm.LinearSVC,svm.LinearSVC,generated/sklearn.svm.LinearSVC.html#sklearn.svm.LinearSVC
sklearn.svm.LinearSVR,svm.LinearSVR,generated/sklearn.svm.LinearSVR.html#sklearn.svm.LinearSVR
sklearn.svm.NuSVC,svm.NuSVC,generated/sklearn.svm.NuSVC.html#sklearn.svm.NuSVC
sklearn.svm.NuSVR,svm.NuSVR,generated/sklearn.svm.NuSVR.html#sklearn.svm.NuSVR
sklearn.svm.OneClassSVM,svm.OneClassSVM,generated/sklearn.svm.OneClassSVM.html#sklearn.svm.OneClassSVM
sklearn.svm.SVC,svm.SVC,generated/sklearn.svm.SVC.html#sklearn.svm.SVC
sklearn.svm.SVR,svm.SVR,generated/sklearn.svm.SVR.html#sklearn.svm.SVR
sklearn.svm.l1_min_c,svm.l1_min_c,generated/sklearn.svm.l1_min_c.html#sklearn.svm.l1_min_c
sklearn.tree,sklearn.tree,#module-sklearn.tree
sklearn.tree,sklearn.tree,#module-sklearn.tree
sklearn.tree.DecisionTreeClassifier,tree.DecisionTreeClassifier,generated/sklearn.tree.DecisionTreeClassifier.html#sklearn.tree.DecisionTreeClassifier
sklearn.tree.DecisionTreeRegressor,tree.DecisionTreeRegressor,generated/sklearn.tree.DecisionTreeRegressor.html#sklearn.tree.DecisionTreeRegressor
sklearn.tree.ExtraTreeClassifier,tree.ExtraTreeClassifier,generated/sklearn.tree.ExtraTreeClassifier.html#sklearn.tree.ExtraTreeClassifier
sklearn.tree.ExtraTreeRegressor,tree.ExtraTreeRegressor,generated/sklearn.tree.ExtraTreeRegressor.html#sklearn.tree.ExtraTreeRegressor
sklearn.tree.export_graphviz,tree.export_graphviz,generated/sklearn.tree.export_graphviz.html#sklearn.tree.export_graphviz
sklearn.tree.export_text,tree.export_text,generated/sklearn.tree.export_text.html#sklearn.tree.export_text
sklearn.tree.plot_tree,tree.plot_tree,generated/sklearn.tree.plot_tree.html#sklearn.tree.plot_tree
sklearn.utils,sklearn.utils,#module-sklearn.utils
sklearn.utils,sklearn.utils,#module-sklearn.utils
sklearn.utils.arrayfuncs.min_pos,utils.arrayfuncs.min_pos,generated/sklearn.utils.arrayfuncs.min_pos.html#sklearn.utils.arrayfuncs.min_pos
sklearn.utils.as_float_array,utils.as_float_array,generated/sklearn.utils.as_float_array.html#sklearn.utils.as_float_array
sklearn.utils.assert_all_finite,utils.assert_all_finite,generated/sklearn.utils.assert_all_finite.html#sklearn.utils.assert_all_finite
sklearn.utils.Bunch,utils.Bunch,generated/sklearn.utils.Bunch.html#sklearn.utils.Bunch
sklearn.utils.check_X_y,utils.check_X_y,generated/sklearn.utils.check_X_y.html#sklearn.utils.check_X_y
sklearn.utils.check_array,utils.check_array,generated/sklearn.utils.check_array.html#sklearn.utils.check_array
sklearn.utils.check_scalar,utils.check_scalar,generated/sklearn.utils.check_scalar.html#sklearn.utils.check_scalar
sklearn.utils.check_consistent_length,utils.check_consistent_length,generated/sklearn.utils.check_consistent_length.html#sklearn.utils.check_consistent_length
sklearn.utils.check_random_state,utils.check_random_state,generated/sklearn.utils.check_random_state.html#sklearn.utils.check_random_state
sklearn.utils.class_weight.compute_class_weight,utils.class_weight.compute_class_weight,generated/sklearn.utils.class_weight.compute_class_weight.html#sklearn.utils.class_weight.compute_class_weight
sklearn.utils.class_weight.compute_sample_weight,utils.class_weight.compute_sample_weight,generated/sklearn.utils.class_weight.compute_sample_weight.html#sklearn.utils.class_weight.compute_sample_weight
sklearn.utils.deprecated,utils.deprecated,generated/sklearn.utils.deprecated.html#sklearn.utils.deprecated
sklearn.utils.estimator_checks.check_estimator,utils.estimator_checks.check_estimator,generated/sklearn.utils.estimator_checks.check_estimator.html#sklearn.utils.estimator_checks.check_estimator
sklearn.utils.estimator_checks.parametrize_with_checks,utils.estimator_checks.parametrize_with_checks,generated/sklearn.utils.estimator_checks.parametrize_with_checks.html#sklearn.utils.estimator_checks.parametrize_with_checks
sklearn.utils.estimator_html_repr,utils.estimator_html_repr,generated/sklearn.utils.estimator_html_repr.html#sklearn.utils.estimator_html_repr
sklearn.utils.extmath.safe_sparse_dot,utils.extmath.safe_sparse_dot,generated/sklearn.utils.extmath.safe_sparse_dot.html#sklearn.utils.extmath.safe_sparse_dot
sklearn.utils.extmath.randomized_range_finder,utils.extmath.randomized_range_finder,generated/sklearn.utils.extmath.randomized_range_finder.html#sklearn.utils.extmath.randomized_range_finder
sklearn.utils.extmath.randomized_svd,utils.extmath.randomized_svd,generated/sklearn.utils.extmath.randomized_svd.html#sklearn.utils.extmath.randomized_svd
sklearn.utils.extmath.fast_logdet,utils.extmath.fast_logdet,generated/sklearn.utils.extmath.fast_logdet.html#sklearn.utils.extmath.fast_logdet
sklearn.utils.extmath.density,utils.extmath.density,generated/sklearn.utils.extmath.density.html#sklearn.utils.extmath.density
sklearn.utils.extmath.weighted_mode,utils.extmath.weighted_mode,generated/sklearn.utils.extmath.weighted_mode.html#sklearn.utils.extmath.weighted_mode
sklearn.utils.gen_batches,utils.gen_batches,generated/sklearn.utils.gen_batches.html#sklearn.utils.gen_batches
sklearn.utils.gen_even_slices,utils.gen_even_slices,generated/sklearn.utils.gen_even_slices.html#sklearn.utils.gen_even_slices
sklearn.utils.graph.single_source_shortest_path_length,utils.graph.single_source_shortest_path_length,generated/sklearn.utils.graph.single_source_shortest_path_length.html#sklearn.utils.graph.single_source_shortest_path_length
sklearn.utils.indexable,utils.indexable,generated/sklearn.utils.indexable.html#sklearn.utils.indexable
sklearn.utils.metaestimators.if_delegate_has_method,utils.metaestimators.if_delegate_has_method,generated/sklearn.utils.metaestimators.if_delegate_has_method.html#sklearn.utils.metaestimators.if_delegate_has_method
sklearn.utils.metaestimators.available_if,utils.metaestimators.available_if,generated/sklearn.utils.metaestimators.available_if.html#sklearn.utils.metaestimators.available_if
sklearn.utils.multiclass.type_of_target,utils.multiclass.type_of_target,generated/sklearn.utils.multiclass.type_of_target.html#sklearn.utils.multiclass.type_of_target
sklearn.utils.multiclass.is_multilabel,utils.multiclass.is_multilabel,generated/sklearn.utils.multiclass.is_multilabel.html#sklearn.utils.multiclass.is_multilabel
sklearn.utils.multiclass.unique_labels,utils.multiclass.unique_labels,generated/sklearn.utils.multiclass.unique_labels.html#sklearn.utils.multiclass.unique_labels
sklearn.utils.murmurhash3_32,utils.murmurhash3_32,generated/sklearn.utils.murmurhash3_32.html#sklearn.utils.murmurhash3_32
sklearn.utils.resample,utils.resample,generated/sklearn.utils.resample.html#sklearn.utils.resample
sklearn.utils._safe_indexing,utils._safe_indexing,generated/sklearn.utils._safe_indexing.html#sklearn.utils._safe_indexing
sklearn.utils.safe_mask,utils.safe_mask,generated/sklearn.utils.safe_mask.html#sklearn.utils.safe_mask
sklearn.utils.safe_sqr,utils.safe_sqr,generated/sklearn.utils.safe_sqr.html#sklearn.utils.safe_sqr
sklearn.utils.shuffle,utils.shuffle,generated/sklearn.utils.shuffle.html#sklearn.utils.shuffle
sklearn.utils.sparsefuncs.incr_mean_variance_axis,utils.sparsefuncs.incr_mean_variance_axis,generated/sklearn.utils.sparsefuncs.incr_mean_variance_axis.html#sklearn.utils.sparsefuncs.incr_mean_variance_axis
sklearn.utils.sparsefuncs.inplace_column_scale,utils.sparsefuncs.inplace_column_scale,generated/sklearn.utils.sparsefuncs.inplace_column_scale.html#sklearn.utils.sparsefuncs.inplace_column_scale
sklearn.utils.sparsefuncs.inplace_row_scale,utils.sparsefuncs.inplace_row_scale,generated/sklearn.utils.sparsefuncs.inplace_row_scale.html#sklearn.utils.sparsefuncs.inplace_row_scale
sklearn.utils.sparsefuncs.inplace_swap_row,utils.sparsefuncs.inplace_swap_row,generated/sklearn.utils.sparsefuncs.inplace_swap_row.html#sklearn.utils.sparsefuncs.inplace_swap_row
sklearn.utils.sparsefuncs.inplace_swap_column,utils.sparsefuncs.inplace_swap_column,generated/sklearn.utils.sparsefuncs.inplace_swap_column.html#sklearn.utils.sparsefuncs.inplace_swap_column
sklearn.utils.sparsefuncs.mean_variance_axis,utils.sparsefuncs.mean_variance_axis,generated/sklearn.utils.sparsefuncs.mean_variance_axis.html#sklearn.utils.sparsefuncs.mean_variance_axis
sklearn.utils.sparsefuncs.inplace_csr_column_scale,utils.sparsefuncs.inplace_csr_column_scale,generated/sklearn.utils.sparsefuncs.inplace_csr_column_scale.html#sklearn.utils.sparsefuncs.inplace_csr_column_scale
sklearn.utils.sparsefuncs_fast.inplace_csr_row_normalize_l1,utils.sparsefuncs_fast.inplace_csr_row_normalize_l1,generated/sklearn.utils.sparsefuncs_fast.inplace_csr_row_normalize_l1.html#sklearn.utils.sparsefuncs_fast.inplace_csr_row_normalize_l1
sklearn.utils.sparsefuncs_fast.inplace_csr_row_normalize_l2,utils.sparsefuncs_fast.inplace_csr_row_normalize_l2,generated/sklearn.utils.sparsefuncs_fast.inplace_csr_row_normalize_l2.html#sklearn.utils.sparsefuncs_fast.inplace_csr_row_normalize_l2
sklearn.utils.random.sample_without_replacement,utils.random.sample_without_replacement,generated/sklearn.utils.random.sample_without_replacement.html#sklearn.utils.random.sample_without_replacement
sklearn.utils.validation.check_is_fitted,utils.validation.check_is_fitted,generated/sklearn.utils.validation.check_is_fitted.html#sklearn.utils.validation.check_is_fitted
sklearn.utils.validation.check_memory,utils.validation.check_memory,generated/sklearn.utils.validation.check_memory.html#sklearn.utils.validation.check_memory
sklearn.utils.validation.check_symmetric,utils.validation.check_symmetric,generated/sklearn.utils.validation.check_symmetric.html#sklearn.utils.validation.check_symmetric
sklearn.utils.validation.column_or_1d,utils.validation.column_or_1d,generated/sklearn.utils.validation.column_or_1d.html#sklearn.utils.validation.column_or_1d
sklearn.utils.validation.has_fit_parameter,utils.validation.has_fit_parameter,generated/sklearn.utils.validation.has_fit_parameter.html#sklearn.utils.validation.has_fit_parameter
sklearn.utils.all_estimators,utils.all_estimators,generated/sklearn.utils.all_estimators.html#sklearn.utils.all_estimators
sklearn.utils.parallel_backend,utils.parallel_backend,generated/sklearn.utils.parallel_backend.html#sklearn.utils.parallel_backend
sklearn.utils.register_parallel_backend,utils.register_parallel_backend,generated/sklearn.utils.register_parallel_backend.html#sklearn.utils.register_parallel_backend
